track_id,track_name,artist_name,album_name,release_year,popularity,added_at,days_since_added,play_recency_days,playlist_count,artist_track_count,image_url
5EYZZvmNAH5VZCwuzYJqoA,Chand Sifarish,"Jatin-Lalit, Shaan, Kailash Kher, Prasoon Joshi",Fanaa,2006,,2026-07-14T19:55:20+00:00,19,,0,3,https://i.scdn.co/image/ab67616d0000b273d2be316742edcc853ea55141
2e4vEkdm8h8mNnGHSBfTMT,Ve Kamleya,"Pritam, Arijit Singh, Shreya Ghoshal, Shadab Faridi, Altamash Faridi, Amitabh Bhattacharya",Rocky Aur Rani Kii Prem Kahaani (Original Motion Picture Soundtrack),2024,,2026-07-11T03:36:43+00:00,23,,1,6,https://i.scdn.co/image/ab67616d0000b27366ceed9745473a87deb94cfe
1vrHvLIgh1wjMFpjTr5bMu,ICEMAN FREESTYLE,Central Cee,ALL ROADS LEAD HOME,2026,,2026-06-30T04:16:24+00:00,34,1.0,0,14,https://i.scdn.co/image/ab67616d0000b27310f5b59ee71a232bc0681445
4nbQjkvexJoMH5zTlWrCX1,And Still,Bawo,And Still,2026,,2026-06-30T04:11:56+00:00,34,,0,1,https://i.scdn.co/image/ab67616d0000b2739f1c72c3f9b92e2e89ab68c2
6wE5bUgyErJTzGBqqbjdGo,Aayshalak,Elissa,Aayshalak,2002,,2026-06-30T02:33:39+00:00,34,,0,1,https://i.scdn.co/image/ab67616d0000b27374e6d6a5e5463fa5b20d64e6
5zyubrL30MLbq9dwCffQSq,اوعدك,Ayed,ثمان الام,2018,,2026-06-30T02:01:17+00:00,34,,0,1,https://i.scdn.co/image/ab67616d0000b273c048ccb4c26a2d2418513bf0
3bISYorQwMHFlDaAhNyWd8,قصاد عينى,Amr Diab,ليلى نهارى,2004,,2026-06-29T08:08:33+00:00,35,1.0,0,6,https://i.scdn.co/image/ab67616d0000b273636b9c1f05f0a37e1baa4628
4rBFRuoBKVHivGpldkQ2ei,ملك ايديك,Amr Diab,عودوني,1988,,2026-06-22T01:11:49+00:00,42,2.0,0,6,https://i.scdn.co/image/ab67616d0000b27352e6f651d4babc7ecc1f5857
1dVGCdJ4SibwgThXlUBU0l,وغلاوتك,Amr Diab,عودوني,1988,,2026-06-18T04:05:59+00:00,46,1.0,0,6,https://i.scdn.co/image/ab67616d0000b27352e6f651d4babc7ecc1f5857
4U8LL5xnu6ArpFPuFti3Yx,الملاك البرئ,Amr Diab,عودوني,1988,,2026-06-18T04:05:47+00:00,46,7.0,0,6,https://i.scdn.co/image/ab67616d0000b27352e6f651d4babc7ecc1f5857
6r8k1vznHrzlEKYxL4dZEe,La Isla Bonita,Madonna,True Blue,1986,,2026-06-18T03:48:57+00:00,46,6.0,0,1,https://i.scdn.co/image/ab67616d0000b273de3094d98b62340d3268c7bc
5thheALMKZqEl479BxqAnL,Dil Laga Liya Maine,"Nadeem Shravan, Alka Yagnik, Udit Narayan, Sameer Anjaan",Dil Hai Tumhaara (Original Motion Picture Soundtrack),2002,,2026-06-10T23:49:10+00:00,53,1.0,0,1,https://i.scdn.co/image/ab67616d0000b273b8e928fe24553b093c038224
1J9vyEntJ79CppvgUxJs75,Zaalima,"Arijit Singh, Harshdeep Kaur",Raees (Original Motion Picture Soundtrack),2017,,2026-06-08T21:14:41+00:00,55,7.0,0,1,https://i.scdn.co/image/ab67616d0000b273fced3ea9af59ad98c142279e
7HacCTm33hZYYN8DXpCYuG,I Like It,"Enrique Iglesias, Pitbull",Euphoria,2010,,2026-05-22T08:22:44+00:00,73,,0,1,https://i.scdn.co/image/ab67616d0000b273f6fa4a75fccc308f26c726c6
7CyPwkp0oE8Ro9Dd5CUDjW,"One Of The Girls (with JENNIE, Lily Rose Depp)","The Weeknd, JENNIE, Lily-Rose Depp",The Idol Episode 4 (Music from the HBO Original Series),2023,,2026-05-21T01:46:43+00:00,74,,0,24,https://i.scdn.co/image/ab67616d0000b273b0dd6a5cd1dec96c4119c262
5NjpWQ2AuuO1PFn01sbb1U,Chargé,Kaaris,Or Noir Part 2,2014,,2026-05-19T04:08:05+00:00,76,,0,1,https://i.scdn.co/image/ab67616d0000b273e97d7e93cc06aa0c4168065e
159yxbCfyTx1sZaL5sF0sX,العروس غزالة,عصام العمر,العروس غزالة,2025,,2026-05-18T03:01:25+00:00,77,,0,1,https://i.scdn.co/image/ab67616d0000b273d012c0906e2578ee2945bfd3
393OFJFZKIIv66JmJcNm9D,National Treasures,Drake,ICEMAN,2026,,2026-05-15T19:29:57+00:00,79,,0,46,https://i.scdn.co/image/ab67616d0000b273fe9d3ab9adb1d3b59835b81c
1qQqHzG5JAYD2bV1DGf5v7,Nasini El Donya,Ragheb Alama,El Hob El Kebir,2003,,2026-05-14T23:06:39+00:00,80,,0,1,https://i.scdn.co/image/ab67616d0000b273be6b3e1190093793d9b0af74
1zgHn1EqUyA0HqNYMdJ5ia,Best Time,Brent Faiyaz,Larger Than Life,2023,,2026-05-04T19:01:27+00:00,91,,0,2,https://i.scdn.co/image/ab67616d0000b273ceb160561269ab00b1df9678
4zrwPfq5ENLzjq41Txs2HR,Want Her,"Mustard, Quavo, YG",Cold Summer,2016,,2026-05-02T06:12:04+00:00,93,,0,1,https://i.scdn.co/image/ab67616d0000b273246260bb0377c16e8d7ffde1
5KNuHsIeFtD0oukst77hBi,Maula Mere Maula,Roop Kumar Rathod,Anwar (Original Motion Picture Soundtrack),2006,,2026-05-02T03:06:24+00:00,93,,0,1,https://i.scdn.co/image/ab67616d0000b27336163aa83c42e72684a53287
554qQSs9lpRVq6TlaaiIKT,4 Raws,EsDeeKid,Rebel,2025,,2026-04-26T05:52:41+00:00,99,,0,6,https://i.scdn.co/image/ab67616d0000b273cff4bd68d5d0dd9a0a748045
7sSYkaAXRgnzoQYrGgrvlX,Yeh Hum Aa Gaye Hain Kahaan,"Madan Mohan, Lata Mangeshkar, Udit Narayan, Javed Akhtar",Veer - Zaara,2004,,2026-04-26T01:50:43+00:00,99,,1,5,https://i.scdn.co/image/ab67616d0000b27396fa496a2cfc301430589024
7iCeaYJSEdGWeFNTAEqUzJ,wRoNg (feat. Kehlani),"ZAYN, Kehlani",Mind Of Mine (Deluxe Edition),2016,,2026-04-12T05:51:18+00:00,113,,0,28,https://i.scdn.co/image/ab67616d0000b273b4c42ba7470503094d5a1c5a
5RYXTC4G3RYYP6pUmaF6s2,Meri Zindagi Hai Tu,"Asim Azhar, Sabri Sisters",Meri Zindagi Hai Tu,2025,,2026-04-02T00:09:48+00:00,123,,0,1,https://i.scdn.co/image/ab67616d0000b2739cd3c5b30459fd627feccb03
11acrZ5o6QredI03M4sAsp,Chalte Chalte,"Jatin-Lalit, Udbhav, Manohar Shetty, Ishaan, Shweta Pandit, Sonali Bhatawdekar, Pritha Mazumdar, Anand Bakshi",Mohabbatein,2000,,2026-03-20T04:06:10+00:00,136,,0,3,https://i.scdn.co/image/ab67616d0000b27305a0d368c0fbf69c9a76bc81
4T3VAoUDvCJkX5OSYXnng0,Humko Humise Chura Lo,"Jatin-Lalit, Lata Mangeshkar, Udit Narayan, Anand Bakshi",Mohabbatein,2000,,2026-03-20T04:06:08+00:00,136,,0,3,https://i.scdn.co/image/ab67616d0000b27305a0d368c0fbf69c9a76bc81
2RkNahtlEqtgLaoMaIl1Hz,Fataat Al Khair Nasheed,Kostyapetrova,Fataat Al Khair Nasheed,2022,,2026-02-16T21:27:04+00:00,167,,0,1,https://i.scdn.co/image/ab67616d0000b273c83b263d24231ad5e35ee2d4
4lIxdJw6W3Fg4vUIYCB0S5,Style,Taylor Swift,1989,2014,,2026-01-31T07:22:36+00:00,184,,0,2,https://i.scdn.co/image/ab67616d0000b2739abdf14e6058bd3903686148
4M7pu2MwyGysZM4deGXueq,Aisa Des Hai Mera,"Madan Mohan, Lata Mangeshkar, Udit Narayan, Gurdas Maan, Pritha Mazumdar, Javed Akhtar",Veer - Zaara,2004,,2026-01-29T19:12:07+00:00,185,,0,5,https://i.scdn.co/image/ab67616d0000b27396fa496a2cfc301430589024
2fJcCZXjaPx86LQymV6Ufu,magic,"Medasin, MAE.SUN, Sara Kawai",sounds,2024,,2026-01-22T22:18:06+00:00,192,,0,1,https://i.scdn.co/image/ab67616d0000b27394e3acb1fff7cd1439d87c76
3ZTuYuaV1fhdNnuIBuzTYy,Nour El Ein,Amr Diab,Nour El Ein,1996,,2026-01-13T20:33:42+00:00,201,,0,6,https://i.scdn.co/image/ab67616d0000b273d352e68d3f9ef21f6d167a96
7j3758mGOPLkd7UQsmbWYg,Ayonha,Hamid Al Shaeri,The SLAM! Years: 1983 - 1988 (Habibi Funk 018),2022,,2026-01-13T19:00:24+00:00,202,,0,1,https://i.scdn.co/image/ab67616d0000b273450799e337be82b0d5fd191a
3oTuTpF1F3A7rEC6RKsMRz,Raindance (feat. Tems),"Dave, Tems",The Boy Who Played the Harp,2025,,2026-01-09T18:45:51+00:00,206,2.0,0,25,https://i.scdn.co/image/ab67616d0000b273fecaa7826bb0cbe139a8cb83
5XKJ5JwJeeQbLjeXF9ieCI,Grapes,James Marriott,Bitter Tongues,2022,,2025-12-31T10:31:16+00:00,215,,0,1,https://i.scdn.co/image/ab67616d0000b273ee2f7d192269613513168c97
7fyIuR4aaWb6iltlAoSkxF,Do Pal,"Madan Mohan, Lata Mangeshkar, Sonu Nigam, Javed Akhtar",Veer - Zaara,2004,,2025-12-27T17:42:11+00:00,219,2.0,0,5,https://i.scdn.co/image/ab67616d0000b27396fa496a2cfc301430589024
7jKdgYPDj6AxVU2wk9muN1,TiO,ZAYN,Mind Of Mine (Deluxe Edition),2016,,2025-12-11T20:52:55+00:00,234,,1,28,https://i.scdn.co/image/ab67616d0000b273b4c42ba7470503094d5a1c5a
5rHc5peKIYcuaWlilEy9ni,home,".diedlonely, Jay Karin",home,2024,,2025-12-10T18:29:01+00:00,236,,1,1,https://i.scdn.co/image/ab67616d0000b273349ae260287f9055d2f2787c
3OAFzjwWionh8OfM4kgf2R,Main Yahaan Hoon,"Madan Mohan, Udit Narayan, Javed Akhtar",Veer - Zaara,2004,,2025-12-03T18:13:47+00:00,243,,1,5,https://i.scdn.co/image/ab67616d0000b27396fa496a2cfc301430589024
3i11e2jzUtO3jChiFl3v9x,Tere Liye,"Madan Mohan, Lata Mangeshkar, Roop Kumar Rathod, Javed Akhtar",Veer - Zaara,2004,,2025-11-27T18:43:44+00:00,249,,0,5,https://i.scdn.co/image/ab67616d0000b27396fa496a2cfc301430589024
2NLOyWzztMiW5FmNhD83K6,Mist,"EsDeeKid, Rico Ace",Rebel,2025,,2025-11-24T22:33:26+00:00,251,,0,6,https://i.scdn.co/image/ab67616d0000b273cff4bd68d5d0dd9a0a748045
3qpbRVi19oJw1jMRSaNFPN,The Boy Who Played the Harp,Dave,The Boy Who Played the Harp,2025,,2025-11-10T03:41:31+00:00,266,,0,25,https://i.scdn.co/image/ab67616d0000b273fecaa7826bb0cbe139a8cb83
5fTDjyCc5o4krBkuqRP4zV,الله يعلم,Abdulaziz Alrashed,الله يعلم,2023,,2025-11-04T18:47:45+00:00,272,,2,1,https://i.scdn.co/image/ab67616d0000b27326c00483bbbaae4203aaa698
0FIDCNYYjNvPVimz5icugS,Timeless (feat Playboi Carti),"The Weeknd, Playboi Carti",Hurry Up Tomorrow,2025,,2025-10-30T02:42:36+00:00,277,,0,24,https://i.scdn.co/image/ab67616d0000b273de79f330bc297af3fae736da
4kCkgD1ITALBjzBwGsf6tW,wgft (feat. Burna Boy),"Gunna, Burna Boy",wgft (feat. Burna Boy),2025,,2025-10-27T06:23:41+00:00,280,,0,4,https://i.scdn.co/image/ab67616d0000b273937bdecea097b722ed663240
7HfZxrh8AQ9p1JQJh1EJcZ,Tajdar-E-Haram - Coke Studio Season 8,Atif Aslam,Tajdar-E-Haram (Coke Studio Season 8),2023,,2025-10-18T20:16:46+00:00,288,,0,1,https://i.scdn.co/image/ab67616d0000b2732385215f610053da00913424
79bWkyd08EFDO0ZZuu7IRT,Mimosa 2000,"Furacão 2000, Nyasia",27 Anos Nacional,2000,,2025-10-13T06:06:58+00:00,294,,0,1,https://i.scdn.co/image/ab67616d0000b2737275b2e3cca08496355ed8e7
0Hnm7mnmqOLCIgvbMpM4Ev,Maui Wowie,Kid Cudi,A Kid Named Cudi,2022,,2025-10-08T01:12:23+00:00,299,,0,1,https://i.scdn.co/image/ab67616d0000b273cd4666c02c9749c71dabb8ea
57Z6TJCTMACXxdrcwZ3Zvf,Phantom,"EsDeeKid, Rico Ace",Rebel,2025,,2025-10-07T22:42:30+00:00,299,,0,6,https://i.scdn.co/image/ab67616d0000b273cff4bd68d5d0dd9a0a748045
1p80LdxRV74UKvL8gnD7ky,Blank Space,Taylor Swift,1989,2014,,2025-10-04T05:26:36+00:00,303,,0,2,https://i.scdn.co/image/ab67616d0000b2739abdf14e6058bd3903686148
6s0omAiJpLcMWdbCCJbG6s,AP Freestyle,Nemzzz,AP Freestyle,2025,,2025-10-04T03:51:33+00:00,303,,0,12,https://i.scdn.co/image/ab67616d0000b273ed9eb0f105cb2507d058235a
5eW508Gq23QlXHowyzW39m,Money On Money (feat. Future),"Young Thug, Future",Money On Money (feat. Future),2025,,2025-09-26T18:26:07+00:00,311,,0,1,https://i.scdn.co/image/ab67616d0000b2735d8839e814684a645c0bd1ef
4B0JvthVoAAuygILe3n4Bs,What Do You Mean?,Justin Bieber,Purpose (Deluxe),2015,,2025-09-25T04:33:54+00:00,312,,1,2,https://i.scdn.co/image/ab67616d0000b273f46b9d202509a8f7384b90de
2pPNAgcdgtRMwK9mPYMK7O,Cali Man,"EsDeeKid, Rico Ace",Rebel,2025,,2025-09-08T23:50:56+00:00,328,,0,6,https://i.scdn.co/image/ab67616d0000b273cff4bd68d5d0dd9a0a748045
3wlEt7tgbcyowpdlcnCwfz,Sauti,"Francis Mercier, Faul & Wad, African Children's Choir",Sauti,2024,,2025-09-08T14:20:01+00:00,329,,1,1,https://i.scdn.co/image/ab67616d0000b273585d609a2d843529e8805150
53cV42h1U35QKMpRCwjRa3,Love Story - Version Orchestrale,Indila,Mini World (Deluxe),2014,,2025-09-08T13:53:39+00:00,329,,0,1,https://i.scdn.co/image/ab67616d0000b27340a4e4510e0fba3633ab87d3
2sHYMLUd4nVLxHPKY05Ein,Habibi - Albanian Remix,"Ricky Rich, Dardan, DJ Gimi-O",Habibi (Albanian Remix),2021,,2025-08-22T03:34:54+00:00,346,,0,1,https://i.scdn.co/image/ab67616d0000b2738fa4fa8929bf5eea71a0605b
2Q3jFbyE61mCjS3SkW4toJ,Race My Mind,Drake,Certified Lover Boy,2021,,2025-08-20T05:53:18+00:00,348,,0,46,https://i.scdn.co/image/ab67616d0000b273cd945b4e3de57edd28481a3f
2Kpr515SCOWidgRcpiGXjb,has to be you 2,"Kidwild, Thiago Sub",has to be you 2,2025,,2025-08-17T01:57:25+00:00,351,,0,2,https://i.scdn.co/image/ab67616d0000b273855b670b4856f2b604b0fa77
7eB1V5LvAdxCc7brfGhRRo,watch,Billie Eilish,dont smile at me,2017,,2025-08-16T01:57:07+00:00,352,,0,2,https://i.scdn.co/image/ab67616d0000b273a9f6c04ba168640b48aa5795
4W8QlyNrOorTaOoJn7gIrp,On Sight,Rob49,On Sight,2024,,2025-08-16T01:51:27+00:00,352,,0,1,https://i.scdn.co/image/ab67616d0000b27328a996ed7bb9c4ae5e925cc3
01WFjqzUwrD4nfSQsHMVNm,Ma Tnsani (Yalla Habibi),"Vanco, AYA",Ma Tnsani (Yalla Habibi),2025,,2025-08-05T04:16:45+00:00,363,,0,1,https://i.scdn.co/image/ab67616d0000b27303d4c17644f9b6c062752c71
6TYFcqqQVQPb3YsgfRhvqs,Tamally Maak,Amr Diab,Tamally Maak,2000,,2025-08-03T05:25:44+00:00,365,,0,6,https://i.scdn.co/image/ab67616d0000b2732a37edda69e67266f05a9753
1y62v08lkqdPTBj7si8tnA,Yamore - Edit Version,"MoBlack, Salif Keita, Benja (NL), Franc Fala, Cesária Evora",Yamore (Edit Version),2024,,2025-08-01T03:59:01+00:00,367,,0,1,https://i.scdn.co/image/ab67616d0000b273b373733586194cd396022359
3ld1FzyNgpZwGn4h9cOXrq,Love Me Not (feat. Rex Orange County),"Ravyn Lenae, Rex Orange County",Love Me Not (feat. Rex Orange County),2024,,2025-07-22T01:09:50+00:00,377,,0,1,https://i.scdn.co/image/ab67616d0000b273084cd39fc4059e42cd19d61b
1hk0iPWJJbmj7WY8iBuy3v,Females Lingo,Bsav GP,Females Lingo,2024,,2025-07-20T20:33:53+00:00,378,,0,1,https://i.scdn.co/image/ab67616d0000b273742af4128d9415006bb21112
7hgdBoFN7AE2c6Gwh0zS4P,has to be you,Thiago Sub,has to be you,2025,,2025-07-20T20:33:31+00:00,378,,0,1,https://i.scdn.co/image/ab67616d0000b273b53ed02db9ac75bd48adc253
0FTmksd2dxiE5e3rWyJXs6,back to friends,sombr,back to friends,2024,,2025-07-06T01:32:09+00:00,393,,0,1,https://i.scdn.co/image/ab67616d0000b2737fd4049ad3b037358cf809ef
6vAvTYuvHpVBzDOx7W4zJQ,Kat Slater (Native Remedies Remix),Tim Duzit,Kat Slater (Native Remedies Remix),2025,,2025-06-20T21:44:30+00:00,408,,0,1,https://i.scdn.co/image/ab67616d0000b273c627b7214dd7c38d561dcf38
3JOcuRs4XposJl2AoRX9qD,Jeff Hardy,AJ Tracey,Don't Die Before You're Dead,2025,,2025-06-14T04:40:03+00:00,415,,0,23,https://i.scdn.co/image/ab67616d0000b2736eb0e0692d98696d69b2e272
4JWxbi3q989YANKK7FFzwW,Talking Stage (feat. Nemzzz),"AJ Tracey, Nemzzz",Don't Die Before You're Dead,2025,,2025-06-14T04:33:31+00:00,415,,0,23,https://i.scdn.co/image/ab67616d0000b2736eb0e0692d98696d69b2e272
31CsSZ9KlQmEu0JvWSkM3j,Deslocado,NAPA,Deslocado,2025,,2025-06-14T02:00:08+00:00,415,,0,1,https://i.scdn.co/image/ab67616d0000b273836edb90093bc743598aa54d
1omEOI34eOMZ1ycCUvFijv,Phantom,"EsDeeKid, Rico Ace",Phantom,2025,,2025-06-05T01:28:09+00:00,424,,0,6,https://i.scdn.co/image/ab67616d0000b2732a7d36b1732abc88e8f83257
4BiPsAV070dg3eLSVf727A,Ye Ishq Hai,"Pritam, Shreya Ghoshal, Irshad Kamil",Jab We Met,2007,,2025-05-31T02:37:03+00:00,429,,0,6,https://i.scdn.co/image/ab67616d0000b27352fe6875028c892308ffc2f7
3u5N55tHf7hXATSQrjBh2q,Freed From Desire,"Gala, Molella, Phil Jay",Come Into My Life (The Album),1997,,2025-05-26T17:07:16+00:00,434,,0,1,https://i.scdn.co/image/ab67616d0000b27382d43c836792c8b41dc0ad8c
5GQPBzoRBDxcAjwSSluQXD,Pretty Little Baby,Connie Francis,Connie Francis Sings Second Hand Love & Other Hits,1962,,2025-05-17T21:58:27+00:00,442,,0,1,https://i.scdn.co/image/ab67616d0000b2732557d7b4bf9ca1c289f40e97
5HnXAeOJ78zMzRMTYHSALT,Surah Al Mulk (Be Heaven),Omar Hisham,Surah Al Mulk (Be Heaven),2020,,2025-05-13T05:58:21+00:00,447,,0,1,https://i.scdn.co/image/ab67616d0000b273d4215d996bbcfeb010d75fed
5pY6MyfY63LJ74CiDbZnzw,Waves of Blue,Majid Jordan,Waves of Blue,2021,,2025-05-13T03:55:34+00:00,447,,0,3,https://i.scdn.co/image/ab67616d0000b273e51f16bf272df023a3ae38c3
086myS9r57YsLbJpU0TgK9,Why'd You Only Call Me When You're High?,Arctic Monkeys,AM,2013,,2025-05-04T01:38:03+00:00,456,,1,2,https://i.scdn.co/image/ab67616d0000b2734ae1c4c5c45aabe565499163
5ITV0zqzjOYfFWpW0xBmRa,Show Me Love,"WizTheMc, bees & honey",Show Me Love,2025,,2025-05-01T18:54:35+00:00,459,,0,1,https://i.scdn.co/image/ab67616d0000b273f67307349b14986af73d4fa0
4WmB04GBqS4xPMYN9dHgBw,Day One (Interstellar Theme),Hans Zimmer,Interstellar (Original Motion Picture Soundtrack) [Expanded Edition],2014,,2025-04-27T06:25:24+00:00,463,,1,1,https://i.scdn.co/image/ab67616d0000b27381f04c407e0ec68e3dea6b2c
6w9GrSUaQQIaMBYtabge7p,Embarrassed (feat. Travis Scott),"Don Toliver, Travis Scott",Love Sick (Deluxe),2023,,2025-04-24T19:05:20+00:00,466,,0,8,https://i.scdn.co/image/ab67616d0000b273307323fa550564b0201b1d76
5XIkzgjs6TJwJmfGaB9jji,LV Sandals,"EsDeeKid, fakemink, Rico Ace",LV Sandals,2025,,2025-04-17T02:01:00+00:00,473,,0,6,https://i.scdn.co/image/ab67616d0000b27392a4f1a5ce9294caaf60ae0b
6mxKWahJzbv7SVF8nkZwLT,Outfit (with 21 Savage),"Lil Baby, 21 Savage",Outfit (with 21 Savage),2025,,2025-04-13T01:11:44+00:00,477,,0,5,https://i.scdn.co/image/ab67616d0000b273c7a364b5c0844c7af83c61c8
56Tn1NezPK8I82vgZ38FzR,It Is What It Is,Headie One,It Is What It Is,2025,,2025-04-11T16:38:06+00:00,479,,0,19,https://i.scdn.co/image/ab67616d0000b273e99b0092f8123b2a2473eb54
2n1MTLCis6qPSDKdr5XSDI,Oh Qué Será?,Willie Colón,Greatest Hits,2008,,2025-04-08T19:48:14+00:00,481,,0,1,https://i.scdn.co/image/ab67616d0000b273f37950978573d045e79d886b
4NczzeHBQPPDO0B9AAmB8d,Assumptions,Sam Gellaitry,IV,2021,,2025-04-06T12:59:10+00:00,484,,1,1,https://i.scdn.co/image/ab67616d0000b2730073d35b3992ce4b3655dbb9
12JS8jXv0pcLAke3nIyejB,Missing - Todd Terry Club Mix,"Everything But The Girl, Todd Terry",Missing (Remixes),1994,,2025-04-05T05:24:41+00:00,485,,0,1,https://i.scdn.co/image/ab67616d0000b273fd3152982f31088b8b217db0
0O9tZHhF54GW8bFZrkZwfU,OKOK,Nemzzz,RENT'S DUE (DELUXE),2025,,2025-04-02T03:52:22+00:00,488,,0,12,https://i.scdn.co/image/ab67616d0000b273e7285631994e9d8369be44a7
6qgiSeYw2abTYHrk98mn5h,Shine,Mondo Cozmo,Plastic Soul,2017,,2025-04-01T21:14:52+00:00,488,,0,1,https://i.scdn.co/image/ab67616d0000b2737e38da1a5080df54e1f174e0
0sOTUNnrLiwEfjgPs1nnJS,DILEMMA (feat. Central Cee),"Nemzzz, Central Cee",DILEMMA (feat. Central Cee),2025,,2025-03-29T00:45:04+00:00,492,,0,12,https://i.scdn.co/image/ab67616d0000b2739630de3927bfb6a2348a0dd1
7hU3H2id2pBVawD7e3zd8N,Böyle Sever,Kahraman Deniz,19,2018,,2025-02-26T08:46:32+00:00,523,,0,1,https://i.scdn.co/image/ab67616d0000b2735288becd356bc1ed97fbb1eb
23Z3bbYcl1PdcPJemLa4zc,Flight's Booked,Drake,"Honestly, Nevermind",2022,,2025-02-26T02:27:28+00:00,523,,0,46,https://i.scdn.co/image/ab67616d0000b27322dfcfcc0742f339986d20cb
2MlypFtQksknMDF1lTWd8g,COLD,Nemzzz,COLD,2025,,2025-02-15T19:30:02+00:00,533,,0,12,https://i.scdn.co/image/ab67616d0000b2733aaf2476235be75ff8a993d9
7DY756WOLyOz2Xnhw4EFiC,São Paulo (feat. Anitta),"The Weeknd, Anitta",Hurry Up Tomorrow,2025,,2025-02-05T21:43:15+00:00,543,,0,24,https://i.scdn.co/image/ab67616d0000b273de79f330bc297af3fae736da
2gyHr9WqZeMtzJOpWGuGo6,"Reflections Laughing (feat. Travis Scott, Florence + The Machine)","The Weeknd, Travis Scott, Florence + The Machine",Hurry Up Tomorrow,2025,,2025-02-05T04:46:19+00:00,544,,0,24,https://i.scdn.co/image/ab67616d0000b273de79f330bc297af3fae736da
57wrCregn3ecfIo7eisxwN,Ten (feat. Skepta),"Central Cee, Skepta",CAN'T RUSH GREATNESS,2025,,2025-01-27T20:29:12+00:00,552,,0,14,https://i.scdn.co/image/ab67616d0000b273b00aac42250e17b2be21fec5
0zgcef8wT0O27OI2vPGnB9,No Introduction,Central Cee,CAN'T RUSH GREATNESS,2025,,2025-01-25T04:43:54+00:00,555,,0,14,https://i.scdn.co/image/ab67616d0000b27358513cbc1bba4cd4c5f472ce
5tgSjvWO685Z0mYKefArMI,CRG (feat. Dave),"Central Cee, Dave",CAN'T RUSH GREATNESS,2025,,2025-01-25T00:51:10+00:00,555,,0,14,https://i.scdn.co/image/ab67616d0000b27358513cbc1bba4cd4c5f472ce
0P6BV6kf3gQ28Wr0PBJ2dS,Walk In Wardrobe,Central Cee,CAN'T RUSH GREATNESS,2025,,2025-01-24T20:50:34+00:00,555,,0,14,https://i.scdn.co/image/ab67616d0000b27358513cbc1bba4cd4c5f472ce
5NehcuEr5U5rF57LFnQY1f,Spencer's Theme,Blake Neely,All American: Season 1 (Original Television Soundtrack),2021,,2025-01-17T23:40:23+00:00,562,,1,1,https://i.scdn.co/image/ab67616d0000b273eb1aaae27d0e80dabeb74233
5emD8K39MmotlCLOx9qzCH,GBP (feat. 21 Savage),"Central Cee, 21 Savage",GBP (feat. 21 Savage),2025,,2025-01-17T05:51:57+00:00,563,,0,14,https://i.scdn.co/image/ab67616d0000b273bee635680bd0d05559f75804
4YnC3EgoRzP14QXVDBuTfF,Redemption (feat. Nemzzz),"Kidwild, Nemzzz",Redemption (feat. Nemzzz),2025,,2025-01-16T19:20:50+00:00,563,,0,2,https://i.scdn.co/image/ab67616d0000b273c6d2efade1f1e166638ce575
3178LzAeNQODOhyaQDUrFN,Tell On Me,Supa King,"SKBP, Vol. 1",2016,,2025-01-15T21:04:37+00:00,564,,0,1,https://i.scdn.co/image/ab67616d0000b2733792d360e5c029848d840b8f
7MrVmG0UxJQU2bOZlUmhFy,To Madrid,"Anže Rozman, Camilo Forero",Beckham (Soundtrack from the Netflix Series),2024,,2025-01-10T05:46:00+00:00,570,,0,1,https://i.scdn.co/image/ab67616d0000b273697e5d98bad95b6257fa6cfe
7AzlLxHn24DxjgQX73F9fU,No Idea,Don Toliver,Heaven Or Hell,2020,,2025-01-10T05:45:58+00:00,570,,0,8,https://i.scdn.co/image/ab67616d0000b2739d04d25e732c593fb94e7193
4EWCNWgDS8707fNSZ1oaA5,Heartless,Kanye West,808s & Heartbreak,2008,,2025-01-10T05:45:57+00:00,570,,0,2,https://i.scdn.co/image/ab67616d0000b273346d77e155d854735410ed18
6dOtVTDdiauQNBQEDOtlAB,BIRDS OF A FEATHER,Billie Eilish,HIT ME HARD AND SOFT,2024,,2025-01-10T05:45:56+00:00,570,,0,2,https://i.scdn.co/image/ab67616d0000b27371d62ea7ea8a5be92d3c1f62
2BsDkWthyNrYbpY3iOnrR0,Stuff (feat. Travis Scott),"Lil Baby, Travis Scott",WHAM,2025,,2025-01-09T04:59:37+00:00,571,,0,5,https://i.scdn.co/image/ab67616d0000b273ed9de13afd41c3377cf330b9
5nk6BxN9bM5rLNkA3pMOzn,Tweaker,G3 GELO,Tweaker,2025,,2025-01-09T04:21:57+00:00,571,,0,1,https://i.scdn.co/image/ab67616d0000b273e9de80682fe4907050ada1ff
0eSTu4biq1whc8u8SaS3F3,Who Can Blame Her,Zeke Pujols,Who Can Blame Her,2024,,2025-01-01T20:01:57+00:00,578,,0,1,https://i.scdn.co/image/ab67616d0000b27370dfa6ec76480631ae206ee8
6MrVT89PRLzAdj2tB1bQbt,Love Theme,The Silver Screen Orchestra,El Padrino (The Godfather) [Original Motion Picture Soundtrack],1973,,2024-12-27T06:19:26+00:00,584,,0,1,https://i.scdn.co/image/ab67616d0000b273c443d675238a7e87e9b3fb20
3uBV9CVoWdPeb4duyEQIIn,Golden Boot,Headie One,The One,2018,,2024-12-19T06:41:34+00:00,592,,0,19,https://i.scdn.co/image/ab67616d0000b273a8bec1dedf76481968706cc3
3fpTMuD1u3gJlVI4FadVHs,Fancy,"Drake, T.I., Swizz Beatz",Thank Me Later,2010,,2024-12-19T05:52:25+00:00,592,,0,46,https://i.scdn.co/image/ab67616d0000b27311b21e8b868800918d21bb77
3f8t2LZGYtdNQh8SNEiZcG,Amplifier,Imran Khan,Unforgettable,2009,,2024-12-19T05:48:12+00:00,592,1.0,1,2,https://i.scdn.co/image/ab67616d0000b2737f451aac6a212798529923e1
2sHHVNvfUlegjyhJpRzJjX,Bewafa,Imran Khan,Unforgettable,2009,,2024-12-19T05:42:52+00:00,592,,1,2,https://i.scdn.co/image/ab67616d0000b2737f451aac6a212798529923e1
4d83G18cx4DDJMPGE9BB4M,8AM IN MANNY,Nemzzz,8AM IN MANNY,2023,,2024-12-14T07:49:37+00:00,597,,0,12,https://i.scdn.co/image/ab67616d0000b27340bf0c69281aa16bb58e5173
0Li1OuXXfi7950ilZUFGkF,Cardigan,Don Toliver,Heaven Or Hell,2020,,2024-12-14T07:17:02+00:00,597,,0,8,https://i.scdn.co/image/ab67616d0000b2739d04d25e732c593fb94e7193
0GROiXm03OrMC5ltXLhGIu,The Party & The After Party,The Weeknd,House Of Balloons (Original),2011,,2024-12-14T03:42:38+00:00,597,,0,24,https://i.scdn.co/image/ab67616d0000b273274b406a7e18acebcf743079
5hO3XBO6W6GwyBJOAtivCf,ATM,Nemzzz,ATM,2024,,2024-12-08T07:59:30+00:00,603,,0,12,https://i.scdn.co/image/ab67616d0000b273bd76f70b9f86912ee86589a4
2xq0T6R1a1cFBYCn7HPKtt,Heaterz,"AJ Tracey, Pozer",Heaterz,2024,,2024-12-08T07:52:23+00:00,603,,0,23,https://i.scdn.co/image/ab67616d0000b2730cd81868722467b1dbb2b3b2
01IQ4aQgOf0Kkq3a273hmO,Funky Friday,"Dave, Fredo",Funky Friday,2018,,2024-12-06T07:25:05+00:00,605,,0,25,https://i.scdn.co/image/ab67616d0000b2739d0d4dfd99360573eea8677d
6WcsZsPAs9r1ELQtoYAxX3,Alpha Omega,"Skepta, Lex Luger",Alpha Omega,2024,,2024-12-06T06:25:17+00:00,605,,0,19,https://i.scdn.co/image/ab67616d0000b273323c9659678e465eada6f4b3
1ca2jDAcDOT79MYLRoaciZ,I'M TRYNA,Pozer,I'M TRYNA,2024,,2024-12-04T18:14:46+00:00,607,,0,1,https://i.scdn.co/image/ab67616d0000b273ca069cc6271ec540fbe37bda
00Srvq2BtgG9afXY9kzB1V,GANG,Kairo Keyz,GANG,2024,,2024-12-04T01:58:31+00:00,607,,0,1,https://i.scdn.co/image/ab67616d0000b273169e1e934ced04dcf5ef44b9
1jKXjxMWlq4BhH6f9GtZbu,TORE UP,Don Toliver,HARDSTONE PSYCHO,2024,,2024-12-04T01:41:55+00:00,607,,0,8,https://i.scdn.co/image/ab67616d0000b273b5050e0d58c704da6bb519e1
3zkyus0njMCL6phZmNNEeN,LET GO,Central Cee,LET GO,2022,,2024-12-04T01:41:46+00:00,607,,0,14,https://i.scdn.co/image/ab67616d0000b273a34b1f605e894e688b3184f2
2cPUB8EOT6AfJ8oxhyoNXL,Ye Tune Kya Kiya,"Pritam, Javed Bashir, Rajat Arora",Once Upon Ay Time In Mumbai Dobaara !,2013,,2024-12-02T04:50:37+00:00,609,,0,6,https://i.scdn.co/image/ab67616d0000b273fe77bd21eb38ff74b5f21524
0llA0pYA6GpGk7fTjew0wO,The Resistance,Drake,Thank Me Later,2010,,2024-11-26T19:31:05+00:00,614,,0,46,https://i.scdn.co/image/ab67616d0000b27311b21e8b868800918d21bb77
4ZTC6KvnQxloiwmT0Yhypy,Life Will Be,Cleo Sol,Gold,2023,,2024-11-19T01:42:46+00:00,622,,0,1,https://i.scdn.co/image/ab67616d0000b2738128b3a01e0246795dfab1a2
1XOkwSEuFloCRyxQdTJS1h,Brilliant Mind II,"Blanco, Nemzzz",Brilliant Mind II,2023,,2024-11-08T04:59:44+00:00,633,,0,4,https://i.scdn.co/image/ab67616d0000b273ae776a62e6db6c4ef788b53e
52A0oY4u5ufxrHC85JGf4x,Why Why Why,Shawn Mendes,Shawn,2024,,2024-11-08T04:33:11+00:00,633,,1,1,https://i.scdn.co/image/ab67616d0000b27380072bdea35d71c0008bf7ee
5gzEL5O1ubbtIHUhLkSMTz,Loop Hole (feat. 21 Savage),"Tee Grizzley, 21 Savage",Tee's Coney Island,2023,,2024-11-05T01:18:44+00:00,636,,0,1,https://i.scdn.co/image/ab67616d0000b27398ce38a0cf9fc5983d4c6d84
7Myx7fMLEdkBrkMGK0zhZp,Tere Pyaar Mein,"Pritam, Arijit Singh, Amitabh Bhattacharya, Nikhita Gandhi",Tu Jhoothi Main Makkaar,2023,,2024-11-04T22:45:55+00:00,636,,1,6,https://i.scdn.co/image/ab67616d0000b27360098f31391483986de30b66
1CS7Sd1u5tWkstBhpssyjP,Take Me to Church,Hozier,Hozier (Expanded Edition),2014,,2024-11-04T11:58:16+00:00,637,,1,1,https://i.scdn.co/image/ab67616d0000b273bd5c6f1a9461fc68c5dc1623
15k2nBQJ0teDmPZHrOXL2N,Ordinary Life,The Weeknd,Starboy,2016,,2024-10-30T08:30:33+00:00,642,,1,24,https://i.scdn.co/image/ab67616d0000b2734718e2b124f79258be7bc452
3desWYUkTBp3imvV6VkdXx,One By One,Central Cee,One By One,2024,,2024-10-30T03:38:00+00:00,642,,0,14,https://i.scdn.co/image/ab67616d0000b27342e18a757a9a371fc82a0ca7
2RzJwBCXsS1VnjDm2jKKAa,I Believe I Can Fly,R. Kelly,R.,1998,,2024-10-20T03:51:05+00:00,652,,0,2,https://i.scdn.co/image/ab67616d0000b2731a81e3abee4b067492baaf44
0J0NdLdtshiKqIFSdB2Ipf,Body (feat. Nemzzz) - UK Remix,"A Boogie Wit da Hoodie, Nemzzz",Body (feat. Nemzzz) [UK Remix],2024,,2024-10-17T18:14:54+00:00,655,,0,1,https://i.scdn.co/image/ab67616d0000b273174b97a39de92635eec407e5
7fa52ALD2bCARSLj7R0BUw,Evicted,Nemzzz,Evicted,2024,,2024-10-17T18:11:04+00:00,655,,0,12,https://i.scdn.co/image/ab67616d0000b2732c0b26ee149fb27c9dc03efb
2Lumsra3kuU61wXkEKzKaK,Disco,Surf Curse,Disco,2019,,2024-10-16T01:06:28+00:00,656,,0,1,https://i.scdn.co/image/ab67616d0000b273a7060ab3ca5dc05fc9552e66
1Zk7EIx5KIJeR2EgAmYDhJ,Spendin' Money,R. Kelly,R.,1998,,2024-10-13T23:31:55+00:00,658,,0,2,https://i.scdn.co/image/ab67616d0000b2731a81e3abee4b067492baaf44
5vGLcdRuSbUhD8ScwsGSdA,Whoopty,CJ,Whoopty,2020,,2024-10-09T00:22:12+00:00,663,,0,1,https://i.scdn.co/image/ab67616d0000b2738d832ba55139c1c84bf67ecc
14DLZ9FaTofhnXBiV38axE,Bolide Noir,"Central Cee, JRK 19",Bolide Noir,2024,,2024-10-04T23:01:48+00:00,667,,0,14,https://i.scdn.co/image/ab67616d0000b273860db25d72ce01e8372abef2
5gpyyqA9WZyWu24ESUzrkk,LA Leakers Freestyle,Central Cee,LA Leakers Freestyle,2022,,2024-10-04T22:55:53+00:00,667,,0,14,https://i.scdn.co/image/ab67616d0000b273ab2941a367fdd7103eedf43e
0BCPKOYdS2jbQ8iyB56Zns,Clocks,Coldplay,A Rush of Blood to the Head,2002,,2024-10-04T19:49:05+00:00,667,,0,2,https://i.scdn.co/image/ab67616d0000b273de09e02aa7febf30b7c02d82
40i6QrKX6zHdmqe7gn8Osc,Miss Independent,"Skepta, R2R MOE",Miss Independent,2024,,2024-10-04T07:58:05+00:00,668,7.0,0,19,https://i.scdn.co/image/ab67616d0000b2736ab7e3f51bcc015a3fe012d4
1Es7AUAhQvapIcoh3qMKDL,Timeless (feat. Playboi Carti),"The Weeknd, Playboi Carti",Timeless,2024,,2024-09-29T00:12:06+00:00,673,,0,24,https://i.scdn.co/image/ab67616d0000b27358cd6595ed970f6862906ab8
221qmpQeBNV87sUjQeUTVH,Around Me (feat. Don Toliver),"Metro Boomin, Don Toliver",HEROES & VILLAINS,2022,,2024-09-28T00:11:03+00:00,674,,0,8,https://i.scdn.co/image/ab67616d0000b273c4fee55d7b51479627c31f89
7fBv7CLKzipRk6EC6TWHOB,The Hills,The Weeknd,Beauty Behind The Madness,2015,,2024-09-22T01:16:49+00:00,680,,1,24,https://i.scdn.co/image/ab67616d0000b2737fcead687e99583072cc217b
2p8IUWQDrpjuFltbdgLOag,After Hours,The Weeknd,After Hours,2020,,2024-09-17T18:32:46+00:00,685,,0,24,https://i.scdn.co/image/ab67616d0000b2738863bc11d2aa12b54f5aeb36
7iZiqHfqpvAf2yCC5Ox7NB,MAYFAIR (feat. K-Trap),"Nemzzz, K-Trap",DO NOT DISTURB (DELUXE),2024,,2024-09-10T03:42:20+00:00,692,,0,12,https://i.scdn.co/image/ab67616d0000b2733572c9649aa4534667c68c0d
12VH4g5pTMZmrUVzfJq7F7,M a k e I t T o T h e M o r n i n g,PARTYNEXTDOOR,PARTYNEXTDOOR 4 (P4),2024,,2024-09-09T07:07:34+00:00,693,,0,3,https://i.scdn.co/image/ab67616d0000b273241d955916998a678741e961
5rL3pBAs8eR8UCIpHfMwSm,Tempted,Yung Filly,Tempted,2024,,2024-09-03T07:04:01+00:00,699,,0,1,https://i.scdn.co/image/ab67616d0000b27309efaaf47fca10c75d074b05
0RE4crnT3jRms1xxVlEZx2,Bad boy,Marwa Loud,Loud,2018,,2024-08-30T03:38:42+00:00,703,,0,1,https://i.scdn.co/image/ab67616d0000b273ba3ad7241f4694bb278b5852
1X1DWw2pcNZ8zSub3uhlNz,Hall of Fame (feat. will.i.am),"The Script, will.i.am",#3,2012,,2024-08-25T06:38:42+00:00,708,,1,1,https://i.scdn.co/image/ab67616d0000b27344287246ea331e6f7b0ef8a9
0rLGYykaXj89TBOXq6Aief,We Won,"Tion Wayne, Russ Millions",We Won,2024,,2024-08-17T19:56:44+00:00,715,,0,4,https://i.scdn.co/image/ab67616d0000b2737b722db8febfdd57655cd45e
2FQrifJ1N335Ljm3TjTVVf,A Bar Song (Tipsy),Shaboozey,A Bar Song (Tipsy),2024,,2024-08-16T01:36:06+00:00,717,,0,1,https://i.scdn.co/image/ab67616d0000b27380d86d636244b72a3a1eede2
4VQO1UdVIecQqB49PlANHz,It's Up (feat. Young Thug & 21 Savage),"Drake, Young Thug, 21 Savage",100 GIGS,2024,,2024-08-10T19:02:51+00:00,723,,0,46,https://i.scdn.co/image/ab67616d0000b273c97cdc490b49fe3854e2dbfd
43nqv4QZLdroszZ03wKCCh,Escape,Nemzzz,Escape,2024,,2024-08-08T06:43:35+00:00,725,,0,12,https://i.scdn.co/image/ab67616d0000b27395c70cb45aab60c4f5d0e0a5
064wRZsHDLuoCJYw65gh7N,Like a Tattoo,Sade,The Best of Sade,1994,,2024-08-08T06:41:48+00:00,725,,1,1,https://i.scdn.co/image/ab67616d0000b2735e25e034e25258b356774c79
2TOk5OzW5sL83ndKYZJmU7,Active,"Asake, Travis Scott",Active,2024,,2024-08-07T07:23:48+00:00,726,,0,2,https://i.scdn.co/image/ab67616d0000b2735d79925b587cb91853e46377
1bgcG1Sp1tPmPhYdktKxxG,Healing,Tion Wayne,Healing (Instrumental),2023,,2024-08-01T04:04:31+00:00,732,,0,4,https://i.scdn.co/image/ab67616d0000b2735b3faa2722ddba552f2ca214
13hJUmR1UpCUzyHjotiImK,Gen Z Luv,Central Cee,Gen Z Luv,2024,,2024-08-01T04:04:12+00:00,732,,0,14,https://i.scdn.co/image/ab67616d0000b27399ae751b0faf9cdf9c56a4f7
6G8kHiVZ1jW7vHMPVRNZU0,Don’t Matter To Me (with Michael Jackson),"Drake, Michael Jackson",Scorpion,2018,,2024-07-29T03:02:38+00:00,735,,0,46,https://i.scdn.co/image/ab67616d0000b273f907de96b9a4fbc04accc0d5
2bL2gyO6kBdLkNSkxXNh6x,Animals,Maroon 5,V,2014,,2024-07-24T22:49:54+00:00,739,,1,2,https://i.scdn.co/image/ab67616d0000b273442b53773d50e1b5369bb16c
5oady7OSE7dH7LHiqmb3Cr,"Dreams, Fairytales, Fantasies (feat. Brent Faiyaz & Salaam Remi)","A$AP Ferg, Brent Faiyaz, Salaam Remi",Floor Seats,2019,,2024-07-18T01:51:47+00:00,746,,0,1,https://i.scdn.co/image/ab67616d0000b2731be99f274f2046dcb080a20f
0yqrhHrcWLMjBylHReDN5u,Legends Are Made,Sam Tinnesz,Babel,2017,,2024-07-14T03:04:50+00:00,750,,0,1,https://i.scdn.co/image/ab67616d0000b273bcd796a0a9731fe5a6ef13ea
6eygbzyL6hY8jFQTARDuo9,White Mustang,Lana Del Rey,Lust For Life,2017,,2024-07-12T18:26:48+00:00,752,,0,2,https://i.scdn.co/image/ab67616d0000b27395e2fd1accb339fa14878190
3m87k4j0Z7qi4FzTiPrvvY,Happy Music,Headie One,The Last One,2024,,2024-07-11T23:16:34+00:00,752,,0,19,https://i.scdn.co/image/ab67616d0000b273e0582add659d0d0c25464a74
3bYJKHx28JSYDnCXbBXpY5,Bubble Bath,AJ Tracey,Bubble Bath,2024,,2024-07-11T19:10:16+00:00,752,,0,23,https://i.scdn.co/image/ab67616d0000b273d3664c8c9687209fd2d0b3a8
0Nwar8rweBUyfyuoyjjUvk,Privilege,The Weeknd,"My Dear Melancholy,",2018,,2024-07-08T04:39:55+00:00,756,,0,24,https://i.scdn.co/image/ab67616d0000b2731f6a2a40bb692936879db730
2MvCNH9ua0CeOgUQfZf56z,Guzarish,"A.R. Rahman, Javed Ali, Prasoon Joshi",Ghajini,2008,,2024-07-07T08:33:22+00:00,757,,2,1,https://i.scdn.co/image/ab67616d0000b2735b7ba7da308af447f48b9943
7Czm0vv2sYL5z4P51KY66e,Maahi Ve,"Shankar-Ehsaan-Loy, Sadhana Sargam, Sujata Bhattacharya, Udit Narayan, Sonu Nigam",Kal Ho Naa Ho (Original Motion Picture Soundtrack),2003,,2024-07-07T08:28:46+00:00,757,0.0,1,2,https://i.scdn.co/image/ab67616d0000b273a2055e0b847ff66fb5206099
7wPTyxE1PNemZuyuOOaQ8q,The Morning,The Weeknd,Trilogy,2012,,2024-06-29T04:14:49+00:00,765,,0,24,https://i.scdn.co/image/ab67616d0000b273158c84a1b6f8b935dc7fa9a9
2LB2sQDQAIOtOtCgKetZQS,Mad About Bars HoF Edition,"Headie One, Mixtape Madness, Kenny Allstar",Mad About Bars HoF Edition,2024,,2024-06-26T18:47:57+00:00,768,,1,19,https://i.scdn.co/image/ab67616d0000b273786d06068c6c69fbce596c7b
780BUxpCmW9vOVYZsqdLLE,Wave,"Asake, Central Cee",Wave,2024,,2024-06-22T01:05:01+00:00,772,,0,2,https://i.scdn.co/image/ab67616d0000b27352d1f444de0b3a2466980a97
5GXAXm5YOmYT0kL5jHvYBt,I Feel It Coming,"The Weeknd, Daft Punk",Starboy,2016,,2024-06-20T03:26:44+00:00,774,,1,24,https://i.scdn.co/image/ab67616d0000b273a048415db06a5b6fa7ec4e1a
3Ueq2zboxwAbsvHrOjdEqz,MIA (feat. Drake),"Bad Bunny, Drake",MIA (feat. Drake),2018,,2024-06-20T01:07:48+00:00,774,,3,1,https://i.scdn.co/image/ab67616d0000b2735a0e097d730df5d05e0d7dea
4F7A0DXBrmUAkp32uenhZt,Party Monster,The Weeknd,Starboy,2016,,2024-06-15T08:02:22+00:00,779,,1,24,https://i.scdn.co/image/ab67616d0000b2734718e2b124f79258be7bc452
7LbT1qYiCmO5sKTtSejUp5,False Starts,ZAYN,ROOM UNDER THE STAIRS,2024,,2024-06-14T00:15:45+00:00,780,,0,28,https://i.scdn.co/image/ab67616d0000b273dfe6f99373d3fc2784c20f34
732yVhJtXZaXJxGaNkW8DV,Mobsters,"K-Trap, Blade Brown",SMILE?,2024,,2024-06-09T05:31:55+00:00,785,,0,5,https://i.scdn.co/image/ab67616d0000b273c2003c27b5713bbff69f8c16
5hTl2uxJGd1sbLtovguuuk,Stars Align (with Drake),"Majid Jordan, Drake",Wildest Dreams,2021,,2024-06-09T05:31:05+00:00,785,,0,3,https://i.scdn.co/image/ab67616d0000b273ecca1386fa4e6b7a947907ef
24VNenhLzKDWDlQ5Qaznav,Dreamin,ZAYN,ROOM UNDER THE STAIRS,2024,,2024-06-09T05:29:07+00:00,785,,0,28,https://i.scdn.co/image/ab67616d0000b273dfe6f99373d3fc2784c20f34
5S46E2UNGDYcwZ26yj6aNr,Brilliant Mind,Blanco,ReBourne,2023,,2024-06-09T05:28:10+00:00,785,,0,4,https://i.scdn.co/image/ab67616d0000b2735e1c639f1ac64ab9db3295e6
4kXCN5ZhRSPTm1DZOhfZyf,John Wayne,Arthur Hill,John Wayne,2024,,2024-06-04T15:11:23+00:00,790,,0,1,https://i.scdn.co/image/ab67616d0000b27354b04a9bd11e25f16a779777
6Ni1Q1OnSEoEvKd99bLli9,The Time,ZAYN,ROOM UNDER THE STAIRS,2024,,2024-05-28T04:07:42+00:00,797,,1,28,https://i.scdn.co/image/ab67616d0000b273dfe6f99373d3fc2784c20f34
32TTewBmtmhUmYxS1ajqaJ,hakuna matata,Gunna,One of Wun,2024,,2024-05-24T03:34:21+00:00,801,,0,4,https://i.scdn.co/image/ab67616d0000b2739a0cbe7c93bc691f48f356ed
2ZVSjes0VFYg9uJu4olsi4,Khabib,Central Cee,23,2022,,2024-05-24T03:30:27+00:00,801,,0,14,https://i.scdn.co/image/ab67616d0000b273743848137e647eebb3015e79
7iabz12vAuVQYyekFIWJxD,BAND4BAND (feat. Lil Baby),"Central Cee, Lil Baby",BAND4BAND (feat. Lil Baby),2024,,2024-05-23T23:50:28+00:00,801,,0,14,https://i.scdn.co/image/ab67616d0000b273ef0fcfed0cbc8fe11672b641
1hiHsWOKJq9KNgCwFiKjmf,Victory Lap,K-Trap,Victory Lap,2024,,2024-05-23T23:01:32+00:00,801,,0,5,https://i.scdn.co/image/ab67616d0000b2733590a1a212135b3225e80530
3p4hRhMcb6ch8OLtATMaLw,Cry,Cigarettes After Sex,Cry,2019,,2024-05-23T17:24:35+00:00,802,,0,1,https://i.scdn.co/image/ab67616d0000b273fd275af89cec73d6287f9cbf
6jmphNKGTSpGL5Vuf7JLkS,Something In The Water,ZAYN,ROOM UNDER THE STAIRS,2024,,2024-05-21T20:55:40+00:00,803,,1,28,https://i.scdn.co/image/ab67616d0000b273dfe6f99373d3fc2784c20f34
1bguAEOqZ6UU6Cnljrgn0t,Lied To,ZAYN,ROOM UNDER THE STAIRS (Z SIDES),2024,,2024-05-21T04:12:01+00:00,804,,0,28,https://i.scdn.co/image/ab67616d0000b2730934e6d647b6feebb6a72262
228BxWXUYQPJrJYHDLOHkj,Gasolina,Daddy Yankee,Barrio Fino (Bonus Track Version),2004,,2024-05-20T02:11:54+00:00,805,,0,1,https://i.scdn.co/image/ab67616d0000b2736bdcdf82ecce36bff808a40c
7MmG8p0F9N3C4AXdK6o6Eb,Outside (feat. Ellie Goulding),"Calvin Harris, Ellie Goulding",Motion,2014,,2024-05-07T16:18:27+00:00,818,,1,1,https://i.scdn.co/image/ab67616d0000b2738fba5806a323efd272677c4d
0lYBSQXN6rCTvUZvg9S0lU,Let Me Love You,"DJ Snake, Justin Bieber",Encore,2016,,2024-05-05T05:17:13+00:00,820,,1,1,https://i.scdn.co/image/ab67616d0000b273212d776c31027c511f0ee3bc
3B54sVLJ402zGa6Xm4YGNe,Unforgettable,"French Montana, Swae Lee",Jungle Rules,2017,,2024-05-02T17:01:25+00:00,823,,1,1,https://i.scdn.co/image/ab67616d0000b2738a31195a371b2233456f6c07
3Mc9WnQJxBDKBHpys9O1Bw,Alienated,ZAYN,Alienated,2024,,2024-04-30T00:23:57+00:00,825,,0,28,https://i.scdn.co/image/ab67616d0000b2739de7155fdca5478b51c8a89e
2k0DfombK3vPkkaCVhEhEG,ETA (feat. Luciano),"Nemzzz, Luciano",DO NOT DISTURB (DELUXE),2024,,2024-04-29T23:29:37+00:00,825,,0,12,https://i.scdn.co/image/ab67616d0000b2733572c9649aa4534667c68c0d
1RAwKDC2VKpxLy6es0KZTJ,Cry No More (feat. Stormzy & Tay Keith),"Headie One, Stormzy, Tay Keith",Cry No More (feat. Stormzy & Tay Keith),2024,,2024-04-25T17:48:19+00:00,830,,0,19,https://i.scdn.co/image/ab67616d0000b273b704ec9f9085510b34ce1185
3eh51r6rFWAlGQRlHx9QnQ,Push Ups,Drake,Push Ups,2024,,2024-04-25T17:48:12+00:00,830,,0,46,https://i.scdn.co/image/ab67616d0000b27384bfd0d363f0179ac7c97fa5
4R3B9DLaisZbDJgPSaBc0p,Koko Krazy,Rushy,Koko Krazy,2024,,2024-04-24T22:01:02+00:00,830,,0,3,https://i.scdn.co/image/ab67616d0000b273db7f4cc063b64ecb4f0fc560
13bPROSNrEszkMcTtX2SHh,Joga Bonito,AJ Tracey,Joga Bonito,2024,,2024-04-24T06:48:15+00:00,831,,0,23,https://i.scdn.co/image/ab67616d0000b2735431b310fe8fe3590b3e9746
39bEMDRkvV5vUj7caAf89i,Escobar,Løcust,Escobar,2024,,2024-04-24T06:45:41+00:00,831,,0,1,https://i.scdn.co/image/ab67616d0000b27367fe6d425b95d84c7fd5b78c
6jIQJmqvwMpSfzMHhhGjzi,Kennington Where It Started,"Bis, Blanco, ACTIVE, MizOrMac",Kennington Where It Started,2018,,2024-04-23T22:55:26+00:00,831,,0,1,https://i.scdn.co/image/ab67616d0000b2731124b9d7ed5d55f389b24917
4lXM4G3waswwheaVOhKPKZ,Socials,Headie One,Socials,2024,,2024-04-23T15:26:45+00:00,832,,0,19,https://i.scdn.co/image/ab67616d0000b273af79af1e295bc7b971531442
4jDmJ51x1o9NZB5Nxxc7gY,Careless Whisper,George Michael,Ladies And Gentlemen... The Best Of George Michael,1998,,2024-04-16T05:46:52+00:00,839,,0,1,https://i.scdn.co/image/ab67616d0000b27364c19b24ce947ffa363f8f96
49sbpteBVjEyW4M6P38SM4,Londis,Blanco,ReBourne,2023,,2024-04-16T03:03:56+00:00,839,,0,4,https://i.scdn.co/image/ab67616d0000b2735e1c639f1ac64ab9db3295e6
6J9ULUfgdVZfWnofbtLkfh,All My Life,"Future, Metro Boomin, Lil Baby",WE STILL DON'T TRUST YOU,2024,,2024-04-16T01:41:06+00:00,839,,0,9,https://i.scdn.co/image/ab67616d0000b273348af689eee674dec55c4086
0lOQaZwX9AkAiSvObh4G70,All to Myself,"Future, Metro Boomin, The Weeknd",WE STILL DON'T TRUST YOU,2024,,2024-04-15T23:08:00+00:00,839,,0,9,https://i.scdn.co/image/ab67616d0000b273348af689eee674dec55c4086
7sVbKoBdhXtYCEOO6qC1SN,We Still Don't Trust You,"Future, Metro Boomin, The Weeknd",WE STILL DON'T TRUST YOU,2024,,2024-04-15T06:04:06+00:00,840,,0,9,https://i.scdn.co/image/ab67616d0000b273348af689eee674dec55c4086
6QdnKD1zwEgyOWtkrdzlOF,Hurt You,"The Weeknd, Gesaffelstein","My Dear Melancholy,",2018,,2024-04-14T03:34:54+00:00,841,,0,24,https://i.scdn.co/image/ab67616d0000b2731f6a2a40bb692936879db730
54kbOKITBmQHHj1aKxxKmI,Simpsonwave (You look lonely),"mikeeysmind, FrankJavCee",Simpsonwave (You look lonely),2022,,2024-04-06T08:18:09+00:00,849,,1,1,https://i.scdn.co/image/ab67616d0000b273a964c8eed41de6865c572b17
5vRIj5vNKCYWzROcAbgcfT,Acordeão Funk - Sped Up,"NXVAMANE, Mc Delux",Acordeão Funk (Sped Up),2023,,2024-03-28T16:25:09+00:00,858,,1,1,https://i.scdn.co/image/ab67616d0000b2735ee85c7dd56adcfd472e36be
4JSIdY48x13cug0R6QDjCH,Let Me Go,Blanco,Let Me Go/Protagonist,2024,,2024-03-19T13:19:31+00:00,867,,0,4,https://i.scdn.co/image/ab67616d0000b27363d226d993efba78216593d3
44gRhRi2OhEf7moAUj6MD1,The Bigger Picture,Lil Baby,The Bigger Picture,2020,,2024-03-08T06:49:42+00:00,878,,1,5,https://i.scdn.co/image/ab67616d0000b273c0ee50f512295c64a2c8af3d
4FAQjmX7e7JJaFE363uj86,One Up,Central Cee,One Up,2022,,2024-03-05T04:54:20+00:00,881,,0,14,https://i.scdn.co/image/ab67616d0000b273c10afb6b6d3c8feb162338a7
2K9Ovn1o2bTGqbsABGC6m3,Too Late,The Weeknd,After Hours,2020,,2024-03-04T04:14:21+00:00,882,,0,24,https://i.scdn.co/image/ab67616d0000b2738863bc11d2aa12b54f5aeb36
0sCuvsATLSfWElIGaGtCSz,Back to Basics (feat. Skepta),"Headie One, Skepta",Music x Road,2019,,2024-02-19T05:55:07+00:00,896,,0,19,https://i.scdn.co/image/ab67616d0000b27388a07cd6eea28c5e293f61cf
5GE8FTL15kS123apRK7vD4,Here In Spirit,Jim James,Eternally Even,2016,,2024-02-16T05:39:14+00:00,899,,0,1,https://i.scdn.co/image/ab67616d0000b27391f9f1a021f480fb1a46c1d0
5pEi1kn0rF1mOfp77wz2OG,FYP,Nemzzz,MONEY AND VIBES,2023,,2024-02-14T21:07:11+00:00,900,1.0,0,12,https://i.scdn.co/image/ab67616d0000b2739c0fdeada84cb75a0db56982
2tC6dm3WkOKYcgS2nZybmg,18HUNNA (feat. Dave),"Headie One, Dave",Music x Road,2019,,2024-02-07T06:46:27+00:00,908,,0,19,https://i.scdn.co/image/ab67616d0000b27388a07cd6eea28c5e293f61cf
1cKHdTo9u0ZymJdPGSh6nq,I Was Never There,"The Weeknd, Gesaffelstein","My Dear Melancholy,",2018,,2024-02-07T05:41:50+00:00,908,,2,24,https://i.scdn.co/image/ab67616d0000b2731f6a2a40bb692936879db730
2vXKRlJBXyOcvZYTdNeckS,Lost in the Fire (feat. The Weeknd),"Gesaffelstein, The Weeknd",Hyperion,2019,,2024-02-06T04:15:41+00:00,909,,2,1,https://i.scdn.co/image/ab67616d0000b2737842fd51802451ff61483dcf
3fC7BKJN66Tyq44x6Try2R,Untitled #13 (Super Slowed),glwzbll,Untitled #13 (Super Slowed),2023,,2024-02-05T04:31:23+00:00,910,,1,1,https://i.scdn.co/image/ab67616d0000b273d30e3aa73964a66295aa5d47
7lvDsmTRXFE3dK4OjvRiWB,Pasoori,"Ali Sethi, Shae Gill",Pasoori,2022,,2024-02-05T03:50:20+00:00,910,,1,1,https://i.scdn.co/image/ab67616d0000b2733f3d35703bdcd917dad51c4f
37F0uwRSrdzkBiuj0D5UHI,Reminder,The Weeknd,Starboy,2016,,2024-02-05T03:45:18+00:00,910,,0,24,https://i.scdn.co/image/ab67616d0000b2734718e2b124f79258be7bc452
70MVLulHguwdhGo7100hsU,Ik Lamha,Azaan Sami Khan,Ik Lamha,2021,,2024-02-03T21:14:21+00:00,911,,1,1,https://i.scdn.co/image/ab67616d0000b273662770d782cd8c21dca9edda
31TxQlV1owDhlyFiJvMfuW,Khwahishein,"Salim–Sulaiman, Shreya Ghoshal",Heroine (Original Motion Picture Soundtrack),2012,,2024-02-03T21:14:20+00:00,911,,0,3,https://i.scdn.co/image/ab67616d0000b273c04698b442ee9fbb3c4cbbe1
3R9AZOrnO20E5MVMBiofqH,GEEKIN (feat. AJ Tracey),"Nafe Smallz, AJ Tracey",GEEKIN (feat. AJ Tracey),2024,,2024-02-03T20:51:50+00:00,911,,0,1,https://i.scdn.co/image/ab67616d0000b2731ed84aa878519140b55bf692
18cocM7GNYj2Scj1ePOJYc,Gas Me Up (Diligent),Skepta,Gas Me Up (Diligent),2024,,2024-02-03T04:14:23+00:00,912,2.0,0,19,https://i.scdn.co/image/ab67616d0000b273b0d23455bc984fda37b2f664
0Bz7dfqPY4JOGZO3O1j8Wh,Bulleya,"Pritam, Amit Mishra, Shilpa Rao",Ae Dil Hai Mushkil (Original Motion Picture Soundtrack) [Deluxe Edition],2016,,2024-02-02T07:30:24+00:00,913,,1,6,https://i.scdn.co/image/ab67616d0000b27358397d59e15b5149adf86033
1UWacd8x8tPPwmrPB1MoBI,Ae Dil Hai Mushkil Title Track,"Pritam, Arijit Singh",Ae Dil Hai Mushkil (Original Motion Picture Soundtrack) [Deluxe Edition],2016,,2024-02-02T07:20:01+00:00,913,,1,6,https://i.scdn.co/image/ab67616d0000b27358397d59e15b5149adf86033
3IznIgmXtrUaoPWpQTy5jB,Not Allowed,TV Girl,Who Really Cares,2016,,2024-02-02T00:54:17+00:00,913,,0,5,https://i.scdn.co/image/ab67616d0000b27332f5fec7a879ed6ef28f0dfd
3pqXhSXgasqhTf865mbpYi,PAIN!,Sheck Wes,PAIN!,2022,,2024-02-01T18:07:58+00:00,914,,0,1,https://i.scdn.co/image/ab67616d0000b2737fbdc6b405e928ac8c17942a
7a6OEdSwCNMEhks3bc2bo1,i was only temporary 2 u,my head is empty,i was only temporary 2 u,2023,,2024-01-31T04:26:09+00:00,915,,1,1,https://i.scdn.co/image/ab67616d0000b273dba47e02cf5246b87c477084
6et5HwX6nTYddg7hDGAxug,ONE CALL,Rich Amiri,ONE CALL,2023,,2024-01-25T00:26:46+00:00,921,,0,1,https://i.scdn.co/image/ab67616d0000b2733d3b5d2e12364fad02e19782
4Q3oEhpsDommo2naYhCpAl,Tujh Mein Rab Dikhta Hai - II,"Salim–Sulaiman, Shreya Ghoshal, Jaideep Sahni",Rab Ne Bana Di Jodi,2008,,2024-01-24T23:25:29+00:00,921,,0,3,https://i.scdn.co/image/ab67616d0000b2731555fec10000486f9331fbc8
52eIcoLUM25zbQupAZYoFh,redrum,21 Savage,american dream,2024,,2024-01-23T04:13:35+00:00,923,,1,1,https://i.scdn.co/image/ab67616d0000b2731e146244cf70b7aab703c057
7EiZI6JVHllARrX9PUvAdX,Low Life (feat. The Weeknd),"Future, The Weeknd",EVOL,2016,,2024-01-20T08:24:53+00:00,926,,0,9,https://i.scdn.co/image/ab67616d0000b2732f62a05cc754995b544ec1f6
5wG3HvLhF6Y5KTGlK0IW3J,Trance (with Travis Scott & Young Thug),"Metro Boomin, Travis Scott, Young Thug",HEROES & VILLAINS,2022,,2024-01-20T08:24:42+00:00,926,,0,8,https://i.scdn.co/image/ab67616d0000b273c4fee55d7b51479627c31f89
5YYpWNNi2KaQBVWkQiDquf,Interlude,K-Trap,The Last Whip II,2022,,2024-01-20T08:24:09+00:00,926,,0,5,https://i.scdn.co/image/ab67616d0000b2736944e0c7f76a384cc379ddd7
6XH5Uqo3d0cvBv0dv9Jwh8,MONEY AND VIBES,Nemzzz,MONEY AND VIBES,2023,,2024-01-20T08:21:30+00:00,926,,0,12,https://i.scdn.co/image/ab67616d0000b2739c0fdeada84cb75a0db56982
3rTbX5vXF1LVMT8NbS351N,New Era,"House of Pharaohs, Jme",New Era,2024,,2024-01-19T04:31:21+00:00,927,,1,1,https://i.scdn.co/image/ab67616d0000b273836c9720bf159630036b4a6d
6VObnIkLVruX4UVyxWhlqm,Skyfall,Adele,Skyfall,2012,,2024-01-15T06:09:32+00:00,931,,1,1,https://i.scdn.co/image/ab67616d0000b273b479bb2aed275bb1b13d83da
77UjLW8j5UAGAGVGhR5oUK,Pray For Me (with Kendrick Lamar),"The Weeknd, Kendrick Lamar",Black Panther The Album Music From And Inspired By,2018,,2024-01-15T03:45:20+00:00,931,,0,24,https://i.scdn.co/image/ab67616d0000b273c027ad28821777b00dcaa888
2QThr0NmKP43AbPOrW2cDl,Away From Home,Drake,For All The Dogs Scary Hours Edition,2023,,2024-01-10T15:02:58+00:00,936,,0,46,https://i.scdn.co/image/ab67616d0000b273e286ee36b4015afa8832356a
4NUhcsz9E1LrBe8nXLZqzp,It Almost Worked,TV Girl,The Night in Question: French Exit Outtakes,2020,,2024-01-09T20:08:36+00:00,936,,1,5,https://i.scdn.co/image/ab67616d0000b273870138983fee24fe052d12af
7JEzAlwHhCD2M1cYE6BeqJ,Loving Machine,TV Girl,Who Really Cares,2016,,2024-01-09T20:08:32+00:00,936,,0,5,https://i.scdn.co/image/ab67616d0000b27332f5fec7a879ed6ef28f0dfd
3SeDS5sSoWnwAZvVgkdKzf,Better in the Dark,"Jordana, TV Girl",Summer's Over,2021,,2024-01-09T20:08:27+00:00,936,,0,1,https://i.scdn.co/image/ab67616d0000b273ebf1802f3aedc62b8f6339d3
4EDijkJdHBZZ0GwJ12iTAj,Stargirl Interlude,"The Weeknd, Lana Del Rey",Starboy,2016,,2024-01-08T19:33:35+00:00,937,,0,24,https://i.scdn.co/image/ab67616d0000b2734718e2b124f79258be7bc452
1xWkeSPhf3bZqHY7Ncz8vp,500lbs,Lil Tecca,500lbs,2023,,2024-01-07T07:26:44+00:00,939,,0,1,https://i.scdn.co/image/ab67616d0000b273b512ec018be2b70cc0ffa23d
2aEuA8PSqLa17Y4hKPj5rr,Cheri Cheri Lady,Modern Talking,Let's Talk About Love,1985,,2024-01-05T17:08:22+00:00,941,,1,1,https://i.scdn.co/image/ab67616d0000b273aedd9728f5cc4b13ee49e061
6qNALlmZa1ESnCxJmXE1K9,The Way I Am,Charlie Puth,Voicenotes,2018,,2024-01-03T17:43:26+00:00,943,,0,6,https://i.scdn.co/image/ab67616d0000b273897f73256b9128a9d70eaf66
39sDitIeCMrVX2QyXHY46t,Blue Hair,TV Girl,Death of a Party Girl,2018,,2024-01-03T14:54:18+00:00,943,,0,5,https://i.scdn.co/image/ab67616d0000b2731556d166d0ed059b34a00e1b
2LcXJP95e4HKydTZ2mYfrx,Tujh Mein Rab Dikhta Hai,"Salim–Sulaiman, Roop Kumar Rathod, Jaideep Sahni",Rab Ne Bana Di Jodi,2008,,2024-01-01T15:25:57+00:00,945,,1,3,https://i.scdn.co/image/ab67616d0000b2731555fec10000486f9331fbc8
69uxyAqqPIsUyTO8txoP2M,Adventure of a Lifetime,Coldplay,A Head Full of Dreams,2015,,2024-01-01T15:21:17+00:00,945,,2,2,https://i.scdn.co/image/ab67616d0000b2738ff7c3580d429c8212b9a3b6
1lL7OcPk6lINpeupzqTjSC,Hala Madrid ...y nada más,"Real Madrid, Red'One",Hala Madrid ...y nada más,2014,,2024-01-01T15:20:53+00:00,945,,0,1,https://i.scdn.co/image/ab67616d0000b27383a77a2a8cdb0584872de6c0
2JvzF1RMd7lE3KmFlsyZD8,MIDDLE CHILD,J. Cole,MIDDLE CHILD,2019,,2023-12-22T08:13:06+00:00,955,,0,2,https://i.scdn.co/image/ab67616d0000b2737f37a4001ae7d8be430bd91b
6tbHckupN0s7pM7w2ifq12,Wifey Riddim 4,AJ Tracey,Wifey Riddim 4,2023,,2023-12-21T20:39:33+00:00,955,,0,23,https://i.scdn.co/image/ab67616d0000b273476c80d7b528b69de627452e
6lxvXGjMJJzyivD78dfOD4,#skeptacore pt.2,"Ryder, Skepta",48 Hours,2023,,2023-12-07T03:42:21+00:00,970,,0,2,https://i.scdn.co/image/ab67616d0000b2733c135a8b4da529b41acddf68
1HAW56e0zz05phUnzuHF9E,#skeptacore pt.3,"Ryder, Skepta",#skeptacore pt.3,2023,,2023-12-06T17:53:14+00:00,971,,0,2,https://i.scdn.co/image/ab67616d0000b2733118aa4f94859560763bbc74
2dMFIEJgwrHhvyYp2ukpCu,Murdaside - ScouseMix,"Mazza_l20, Aystar",Murdaside (Remixes),2023,,2023-12-06T17:52:58+00:00,971,,0,1,https://i.scdn.co/image/ab67616d0000b27321663a8310ae6fdbecd3c73a
6dBUzqjtbnIa1TwYbyw5CM,Lovers Rock,TV Girl,French Exit,2014,,2023-12-06T17:41:19+00:00,971,,0,5,https://i.scdn.co/image/ab67616d0000b273e1bc1af856b42dd7fdba9f84
4w9DeQZxvId032jcR0dG0K,GOOD GIRLS...,"Headie One, K-Trap",STRENGTH TO STRENGTH,2023,,2023-12-05T16:42:26+00:00,972,,0,19,https://i.scdn.co/image/ab67616d0000b2736cb72bf53310d011b3748f86
6bnF93Rx87YqUBLSgjiMU8,Heartless,The Weeknd,After Hours,2020,,2023-12-04T04:42:53+00:00,973,,1,24,https://i.scdn.co/image/ab67616d0000b2738863bc11d2aa12b54f5aeb36
6wWaVoUOzLQJHd3bWAUpdZ,"Never Recover (Lil Baby & Gunna, Drake)","Lil Baby, Gunna, Drake",Drip Harder,2018,,2023-12-02T23:28:09+00:00,974,,1,5,https://i.scdn.co/image/ab67616d0000b273ce159a3ba2096e13fa9d4b4c
7KVPsVMOK3NL7subwJ0dZj,Who You Foolin,Gunna,Drip or Drown 2,2019,,2023-11-29T02:25:19+00:00,978,,1,4,https://i.scdn.co/image/ab67616d0000b2732bc7a1fb98d177aa0c948bdc
7HbNSxiZaHAhJ96Xzc5uvN,ANPR,"Headie One, K-Trap",STRENGTH TO STRENGTH,2023,,2023-11-23T03:21:57+00:00,984,1.0,0,19,https://i.scdn.co/image/ab67616d0000b2736cb72bf53310d011b3748f86
3hX0ilh84w2KGaiNw2rRCV,Both Sides Of A Smile (feat. James Blake),"Dave, James Blake",We're All Alone In This Together,2021,,2023-11-14T07:27:27+00:00,993,,1,25,https://i.scdn.co/image/ab67616d0000b273da5b9c1eb275d48e14d25f3e
1dUHF4RyMmMTveJ0Rby6Xm,Can’t Take A Joke,Drake,Scorpion,2018,,2023-11-06T16:49:38+00:00,1001,,0,46,https://i.scdn.co/image/ab67616d0000b273f907de96b9a4fbc04accc0d5
7jxnHknJtjE1MM8IfUidMF,Incredible Sauce (feat. Dave),"Giggs, Dave",Zero Tolerance,2023,,2023-10-25T06:45:06+00:00,1013,2.0,0,1,https://i.scdn.co/image/ab67616d0000b2731719a4fd31ecdf60eeccf227
7eYAHC0RbBF9eaqWzT34Aq,Desires (with Future),"Drake, Future",Dark Lane Demo Tapes,2020,,2023-10-25T06:38:08+00:00,1013,,0,46,https://i.scdn.co/image/ab67616d0000b273bba7cfaf7c59ff0898acba1f
4W8hCr8DuzuTkvDj895CeZ,PARK CHINOIS,"K-Trap, Headie One",PARK CHINOIS,2023,,2023-10-16T15:41:57+00:00,1022,,0,5,https://i.scdn.co/image/ab67616d0000b273c5fc96eca285e536e219a096
6D3g26uM2CmNVUhPWWNsBS,Walk,Kwabs,Love + War,2016,,2023-10-15T17:33:56+00:00,1023,,0,1,https://i.scdn.co/image/ab67616d0000b27322d42f0f6cbc2bc1ab54dc65
5HKTcyNCAyZVfCFSPbvH01,TRIPLE THREAT,"Headie One, K-Trap, Clavish",STRENGTH TO STRENGTH,2023,,2023-10-14T20:36:05+00:00,1023,,0,19,https://i.scdn.co/image/ab67616d0000b2736cb72bf53310d011b3748f86
5y2K7jr9M8t1HRAu9jzssT,No Security,Skepta,No Security,2017,,2023-10-11T03:41:29+00:00,1027,7.0,0,19,https://i.scdn.co/image/ab67616d0000b273eb0b5234363986a0b9176b8c
2GB0DlX5l8gmqAW0SQa6yF,Fear Of Heights,Drake,For All The Dogs,2023,,2023-10-06T22:10:44+00:00,1031,,0,46,https://i.scdn.co/image/ab67616d0000b2730ebdbd881e232d18445ace27
7aqfrAY2p9BUSiupwk3svU,First Person Shooter (feat. J. Cole),"Drake, J. Cole",For All The Dogs,2023,,2023-10-06T19:18:36+00:00,1031,,1,46,https://i.scdn.co/image/ab67616d0000b2737d384516b23347e92a587ed1
2Gic1IIcgCJYErTssSWmL2,AMEN,"Tion Wayne, Nines",AMEN,2023,,2023-10-05T16:52:05+00:00,1033,,1,4,https://i.scdn.co/image/ab67616d0000b273b31767c62155c4a5a6329863
7oOEFDLSQscl0uGulnIEmG,Love & Hate,Michael Kiwanuka,Love & Hate,2016,,2023-10-03T05:36:13+00:00,1035,,2,1,https://i.scdn.co/image/ab67616d0000b2731070095e88dce90a090171b5
6UjfByV1lDLW0SOVQA4NAi,Gyalchester,Drake,More Life,2017,,2023-09-28T23:58:52+00:00,1039,,1,46,https://i.scdn.co/image/ab67616d0000b2734f0fd9dad63977146e685700
76gUmNLXGQVOsGhfcshkFP,Madiba Riddim,Drake,More Life,2017,,2023-09-28T23:56:05+00:00,1039,,2,46,https://i.scdn.co/image/ab67616d0000b2734f0fd9dad63977146e685700
5o54tiWbHESJ5RHBIbRnvi,Over the Top,Skepta,Microphone Champion,2009,,2023-09-19T05:27:31+00:00,1049,,0,19,https://i.scdn.co/image/ab67616d0000b273b486c6e0d87d497199b5c127
577YBGuskWkVDCxZrLRB4v,Pure Cocaine,Lil Baby,Street Gossip,2018,,2023-09-19T05:26:17+00:00,1049,,0,5,https://i.scdn.co/image/ab67616d0000b2737cb0c4f7761f6dd66aaca065
2tpWsVSb9UEmDRxAl1zhX1,Counting Stars,OneRepublic,Native,2013,,2023-09-19T05:20:01+00:00,1049,,0,1,https://i.scdn.co/image/ab67616d0000b2739e2f95ae77cf436017ada9cb
3Q4gttWQ6hxqWOa3tHoTNi,Not You Too (feat. Chris Brown),"Drake, Chris Brown",Dark Lane Demo Tapes,2020,,2023-09-19T05:17:10+00:00,1049,,0,46,https://i.scdn.co/image/ab67616d0000b273bba7cfaf7c59ff0898acba1f
5ERQFMCgW9JO5EWqwWGpmO,Girl of My Dreams,Guti,Girl of My Dreams,2019,,2023-09-19T05:16:52+00:00,1049,,1,1,https://i.scdn.co/image/ab67616d0000b27336ab788f78d5026d26a5fe85
0TC3wZupelwzKhuueGSGZu,dRuNk,ZAYN,Mind Of Mine (Deluxe Edition),2016,,2023-09-19T05:16:05+00:00,1049,,2,28,https://i.scdn.co/image/ab67616d0000b273b4c42ba7470503094d5a1c5a
6Q5uDNuuFYa8ToL3CCoHPC,Poison Tree,Grouper,Inca Ore / Grouper,2008,,2023-09-19T05:13:28+00:00,1049,,1,1,https://i.scdn.co/image/ab67616d0000b273a243710aee39180ca475ed39
1X8so6v6AWsjyPYHTzZON9,CATFISH,"Headie One, K-Trap, M1onTheBeat",CATFISH,2023,,2023-09-11T06:53:24+00:00,1057,,0,19,https://i.scdn.co/image/ab67616d0000b2733ed95c89b49c47b2eed56c2e
3XgGQ1wjo5khvq2UImjyNF,ALL MINE,Brent Faiyaz,WASTELAND,2022,,2023-09-11T03:42:44+00:00,1057,,1,2,https://i.scdn.co/image/ab67616d0000b27369f63a842ea91ca7c522593a
2av7d4HqKii7a9deQeuo5V,ROYALE,"Ashbeck, Rushy",ROYALE,2023,,2023-08-29T05:52:59+00:00,1070,,0,1,https://i.scdn.co/image/ab67616d0000b273a2834b72c257190e27f05e05
6LxSe8YmdPxy095Ux6znaQ,Headlines,Drake,Take Care (Deluxe),2011,,2023-08-27T05:16:32+00:00,1072,,1,46,https://i.scdn.co/image/ab67616d0000b273c7ea04a9b455e3f68ef82550
0bkV1iQHSxBaksUqgEkcbc,SKITZO (feat. Young Thug),"Travis Scott, Young Thug",UTOPIA,2023,,2023-08-14T21:26:49+00:00,1084,,0,9,https://i.scdn.co/image/ab67616d0000b27304481c826dd292e5e4983b3f
2xUXssXqtaQbdHBwjo5TeD,Draymond Vs Poole,Gmac Cash,Draymond Vs Poole,2022,,2023-08-11T03:31:05+00:00,1088,,0,2,https://i.scdn.co/image/ab67616d0000b273f0f9f0879dbe87249321c712
5PMzMsrJ5AkXMlPueXTAkh,Montgomery Brawl,Gmac Cash,Montgomery Brawl,2023,,2023-08-11T03:09:22+00:00,1088,,0,2,https://i.scdn.co/image/ab67616d0000b273227d24095c4d665f867264a3
0lodMO0qK83vfPiiD7FMEt,TOPIA TWINS (feat. Rob49 & 21 Savage),"Travis Scott, Rob49, 21 Savage",UTOPIA,2023,,2023-07-29T19:16:12+00:00,1100,,0,9,https://i.scdn.co/image/ab67616d0000b27304481c826dd292e5e4983b3f
42VsgItocQwOQC3XWZ8JNA,FE!N (feat. Playboi Carti),"Travis Scott, Playboi Carti",UTOPIA,2023,,2023-07-29T17:56:35+00:00,1101,,0,9,https://i.scdn.co/image/ab67616d0000b27304481c826dd292e5e4983b3f
4GL9GMX9t7Qkprvf1YighZ,CIRCUS MAXIMUS (feat. The Weeknd & Swae Lee),"Travis Scott, The Weeknd, Swae Lee",UTOPIA,2023,,2023-07-28T05:33:10+00:00,1102,,0,9,https://i.scdn.co/image/ab67616d0000b27304481c826dd292e5e4983b3f
76gcXhY3Zv6wW0BTe9nHJo,TIL FURTHER NOTICE (feat. James Blake & 21 Savage),"Travis Scott, James Blake, 21 Savage",UTOPIA,2023,,2023-07-28T05:30:53+00:00,1102,,0,9,https://i.scdn.co/image/ab67616d0000b27304481c826dd292e5e4983b3f
0a4SMs889NwP8oWI7Vemle,LOOOVE (feat. Kid Cudi),"Travis Scott, Kid Cudi",UTOPIA,2023,,2023-07-28T04:44:21+00:00,1102,,1,9,https://i.scdn.co/image/ab67616d0000b27304481c826dd292e5e4983b3f
67nepsnrcZkowTxMWigSbb,MELTDOWN (feat. Drake),"Travis Scott, Drake",UTOPIA,2023,,2023-07-28T04:36:23+00:00,1102,,1,9,https://i.scdn.co/image/ab67616d0000b27304481c826dd292e5e4983b3f
7LSpFCvRZZot2AlmkUzy9k,SIRENS,Travis Scott,UTOPIA,2023,,2023-07-28T04:30:42+00:00,1102,,1,9,https://i.scdn.co/image/ab67616d0000b27304481c826dd292e5e4983b3f
6kgaI3kHkqmRimeGQdS4Ga,Who Told You (feat. Drake),"J Hus, Drake",Beautiful And Brutal Yard,2023,,2023-07-28T01:20:27+00:00,1102,,0,2,https://i.scdn.co/image/ab67616d0000b273cc16159b40907722da91078c
4OWa2dOlmtvMDhFrFL0QA1,"La leçon particulière - Bande originale du film ""La leçon particulière""","Francis Lai, Christian Gaubert",Mayerling,2003,,2023-07-23T18:53:39+00:00,1107,,0,1,https://i.scdn.co/image/ab67616d0000b273315367194473b2a98211a9b8
3P9pRL7V9yM9DhY6NGZjzA,Love Like This,ZAYN,Love Like This,2023,,2023-07-21T06:26:21+00:00,1109,,1,28,https://i.scdn.co/image/ab67616d0000b27381f97190f6fc196ee0d697c1
7Lf6EGbqAzddC6dYKpsld5,Trippidy Trap,Rushy,Trippidy Trap,2019,,2023-07-04T19:36:13+00:00,1125,,1,3,https://i.scdn.co/image/ab67616d0000b273bb71cf656f5381b6277b93cd
3TN2HZSll8ueBFtt88VbfX,Pressure,Rushy,Pressure,2023,,2023-07-04T18:46:22+00:00,1126,,0,3,https://i.scdn.co/image/ab67616d0000b2730e37005a967341e7b692adb9
0lEjxUUlKqjqXrVlIHFduD,P power (feat. Drake),"Gunna, Drake",DS4EVER,2022,,2023-07-02T08:05:13+00:00,1128,,1,4,https://i.scdn.co/image/ab67616d0000b273095bca744b48a058767a8f48
40EXFgNMOIQRQOwJZ8mJkC,Who Told You (feat. Drake),"J Hus, Drake",Who Told You (feat. Drake),2023,,2023-07-02T02:14:15+00:00,1128,,1,2,https://i.scdn.co/image/ab67616d0000b273f6aca6a7d4132d9b2d15e0f0
5TXQCMKN6TgemTL3c4wRTn,Sorrows,Bryson Tiller,A N N I V E R S A R Y,2020,,2023-07-01T04:11:11+00:00,1129,,1,1,https://i.scdn.co/image/ab67616d0000b2738d586fabbd18826b7f4c936e
5XeFesFbtLpXzIVDNQP22n,I Wanna Be Yours,Arctic Monkeys,AM,2013,,2023-06-28T13:25:12+00:00,1132,,3,2,https://i.scdn.co/image/ab67616d0000b2734ae1c4c5c45aabe565499163
1PnAx788sAvcI3ZxTlEyX8,Second Emotion (feat. Travis Scott),"Justin Bieber, Travis Scott",Changes,2020,,2023-06-28T13:23:39+00:00,1132,,1,2,https://i.scdn.co/image/ab67616d0000b2737fe4a82a08c4f0decbeddbc6
4EDTT4kSqfpc0FKuxfNo2E,Private Landing (feat. Justin Bieber & Future),"Don Toliver, Justin Bieber, Future",Private Landing (feat. Justin Bieber & Future),2023,,2023-06-28T13:23:16+00:00,1132,,1,8,https://i.scdn.co/image/ab67616d0000b273e1d245c283dcb2d94a42e323
49NAdUsRKTFK3Lz8k0yQNy,Toxic Trait,"Stormzy, Fredo",Toxic Trait,2023,,2023-06-23T00:07:41+00:00,1137,,1,7,https://i.scdn.co/image/ab67616d0000b2732f3cd9e2e5a3ead795e6bed3
5B4ZfJdrCV8du9hWqrVPIh,Assalamu Alayka - Arabic Version - Bonus Track,Maher Zain,Forgive Me,2012,,2023-06-15T04:20:49+00:00,1145,,0,2,https://i.scdn.co/image/ab67616d0000b27388d65a9ea1f42514a33d2d9d
2HALQBSAvpw1oCzL5QsrT2,Trojan Horse,"Dave, Central Cee",Split Decision,2023,,2023-06-09T21:27:38+00:00,1150,,1,25,https://i.scdn.co/image/ab67616d0000b27326847a635b96c96fee81d838
3Hha9pVZsWGwQiFKvsMrwS,Warm - Remix,"K-Trap, Skepta",Warm (Remix),2022,,2023-06-01T03:34:10+00:00,1159,,1,5,https://i.scdn.co/image/ab67616d0000b273b4ae540b8da4f40bb4d6fcd0
4SkIdCA9Vp7XXSAlYGtohn,Came In the Scene,Headie One,Came In the Scene,2022,,2023-05-28T07:06:18+00:00,1163,,0,19,https://i.scdn.co/image/ab67616d0000b273023eb22da9400b4827b49744
6WoTtW8IOKd6EauCkALxR7,2 Chains,Headie One,2 Chains,2021,,2023-05-28T07:02:16+00:00,1163,,1,19,https://i.scdn.co/image/ab67616d0000b2736450efb358c45e1f3e37773b
7h2ozcUpSL7ulXjRPPQcDy,Rain,"Aitch, AJ Tracey, Tay Keith",Polaris,2020,,2023-05-28T06:57:39+00:00,1163,,0,4,https://i.scdn.co/image/ab67616d0000b273757178c3b5fa2a7c29c358fc
7BKpXmjHQiZtlj8dEd1RM2,Louis Vuitton,Aitch,Close To Home,2022,,2023-05-28T06:55:14+00:00,1163,,0,4,https://i.scdn.co/image/ab67616d0000b273bc86cb5e2d57be58419c910d
1l40rYTK1jU4OMpSK6BwD0,Healing,Tion Wayne,Healing,2023,,2023-05-25T05:50:38+00:00,1166,,0,4,https://i.scdn.co/image/ab67616d0000b273a564911303a8db9a78a38421
1F1ahsZteuB3n3LDO3XTeo,Satisfy Me,Headie One,Too Loyal for My Own Good,2021,,2023-05-18T06:16:30+00:00,1173,,0,19,https://i.scdn.co/image/ab67616d0000b273351d27fd8c3934ce68fa1e68
75cxFn3oHrwMRDUXsLTvUl,Life Lessons (feat. Headie One),"Luciano, Headie One",Majestic,2022,,2023-05-18T03:05:45+00:00,1173,,0,1,https://i.scdn.co/image/ab67616d0000b27348064ef6df8fad8a52219c32
4nva9EpKntUTs6CRSGBCn9,Just A Lil Bit,50 Cent,The Massacre,2005,,2023-05-17T17:15:00+00:00,1174,,0,2,https://i.scdn.co/image/ab67616d0000b27391f7222996c531b981e7bb3d
7JXZq0JgG2zTrSOAgY8VMC,Jungle,Drake,If You're Reading This It's Too Late,2015,,2023-05-16T04:02:10+00:00,1175,,0,46,https://i.scdn.co/image/ab67616d0000b2732090f4f6cc406e6d3c306733
6ZHRi0QxzSnlevyhyNkj4a,Sweat,ZAYN,Nobody Is Listening,2021,,2023-05-14T05:51:38+00:00,1177,,1,28,https://i.scdn.co/image/ab67616d0000b2739f97ad977094c894acb9aa01
608a1wIsSd5KzMEqm1O7w3,I'm On One,"DJ Khaled, Drake, Rick Ross, Lil Wayne",We The Best Forever,2011,,2023-05-12T21:45:39+00:00,1178,,0,2,https://i.scdn.co/image/ab67616d0000b273dd87a2f68949c8fcbbec91be
3sMC6vfTTSa0mMAPTwzDVD,I Get Lonely,Drake,Care Package,2019,,2023-05-12T21:44:14+00:00,1178,,0,46,https://i.scdn.co/image/ab67616d0000b2739c1e02d4becb7c5bbca01e2a
2jTujnt0y344ai1rNOywgr,KMT,"Drake, Giggs",More Life,2017,,2023-05-12T06:01:37+00:00,1179,,0,46,https://i.scdn.co/image/ab67616d0000b2734f0fd9dad63977146e685700
2dfqS3MRtbLZSZA1IL8xY5,Skepta Interlude,Drake,More Life,2017,,2023-05-12T05:59:19+00:00,1179,,0,46,https://i.scdn.co/image/ab67616d0000b2734f0fd9dad63977146e685700
5LZ0ZCRXrklIpnzn4Tcyde,Unforgettable,"Drake, Jeezy",Thank Me Later,2010,,2023-05-12T05:57:24+00:00,1179,,0,46,https://i.scdn.co/image/ab67616d0000b27311b21e8b868800918d21bb77
1odExI7RdWc4BT515LTAwj,Daylight,David Kushner,Daylight,2023,,2023-05-09T16:14:16+00:00,1182,,1,1,https://i.scdn.co/image/ab67616d0000b27395ca6a9b4083a86c149934ae
4c1a5iEGI6UFTwBS89Hbab,blue lights,"ADTurnUp, Tsikuni",blue lights,2023,,2023-05-08T02:28:52+00:00,1183,,0,3,https://i.scdn.co/image/ab67616d0000b2731f9ee75779ee5a62544d1d22
5KUNwkaNf8l5A9sXZhiCgI,Rapp Snitch Knishes,"MF DOOM, Mr. Fantastik",MM..FOOD,2004,,2023-05-04T22:31:24+00:00,1186,,0,1,https://i.scdn.co/image/ab67616d0000b27352f194d02c39909d1b284799
2aZP5xhSRXpvYGDzapFcIV,,,do ya like x resonance - (sped up),2023,,2023-05-01T04:56:07+00:00,1190,,0,1,https://i.scdn.co/image/ab67616d0000b273c4dcb2ede4447d831914d06f
0GQKP2WgHvBA8Nzb4xZu36,6 God,Drake,If You're Reading This It's Too Late,2015,,2023-04-30T05:54:33+00:00,1191,,0,46,https://i.scdn.co/image/ab67616d0000b2735e371c9d44d7ab36d8969c81
7Hbp9ShaPnNXdHFrsChRu7,Habatka Alriyh,Patel,Salam,2021,,2023-04-29T05:30:17+00:00,1192,,0,1,https://i.scdn.co/image/ab67616d0000b27398fc6c2a98d5a4a482031950
29Y1hEc0NSxvFylHFV8W9e,Kiss and Tell,"AJ Tracey, Skepta",Kiss and Tell,2019,,2023-04-22T02:11:37+00:00,1199,,0,23,https://i.scdn.co/image/ab67616d0000b273b5fa6b289da0c4510d22abef
2cY7PDmc2hMB9dx2kZzN0H,Adriano (Dave),oNxlson,Adriano (Dave),2023,,2023-04-15T02:37:02+00:00,1206,,0,1,https://i.scdn.co/image/ab67616d0000b273f2145ec14e6eb652b8715d59
595EscD9b81CJ4IiyFdKX8,Fataat Al Khair Nasheed,KOSTYAPETROVA,Fataat Al Khair Nasheed,2022,,2023-04-07T01:11:57+00:00,1214,,0,4,https://i.scdn.co/image/ab67616d0000b27329c0c3da4e0f8e59e75c2e4d
7tqhbajSfrz2F7E1Z75ASX,Ain't No Mountain High Enough,"Marvin Gaye, Tammi Terrell",United,1967,,2023-03-17T22:27:47+00:00,1234,,0,1,https://i.scdn.co/image/ab67616d0000b2739173e50e99bdea2400222f02
2Hb8HUCnMZ74gwl4DppYDd,Sampha's Plea,"Stormzy, Sampha",This Is What I Mean,2022,,2023-03-03T06:34:36+00:00,1249,,0,7,https://i.scdn.co/image/ab67616d0000b273df075bcefe46d7ca94692651
6pQ3Gsj9cVCMiTlu67pv7B,Holy Spirit,Stormzy,This Is What I Mean,2022,,2023-03-03T06:26:42+00:00,1249,,0,7,https://i.scdn.co/image/ab67616d0000b273df075bcefe46d7ca94692651
3uSIZTKQYmUs70EWTwkCzO,Matrix Nokia,"Silencer, Jme",Matrix Nokia,2022,,2023-03-03T06:24:36+00:00,1249,,0,1,https://i.scdn.co/image/ab67616d0000b273e713f54246afd33f0ec371a9
0kmxWw7KjktV4V1ZpbOeru,Glow In The Dark,"Skepta, Lay-Z, Wizkid",Ignorance is Bliss,2019,,2023-03-03T06:19:07+00:00,1249,,2,19,https://i.scdn.co/image/ab67616d0000b27348f2487a18a735f457404eb9
1dr0jx26tKvYmIPV55lPM0,New Shape,Uncs,New Shape,2023,,2023-03-03T05:23:22+00:00,1249,,0,3,https://i.scdn.co/image/ab67616d0000b27386e3cc050408c5d0fc3ff155
7oDd86yk8itslrA9HRP2ki,Die For You - Remix,"The Weeknd, Ariana Grande",Die For You (Remix),2023,,2023-02-26T07:32:29+00:00,1254,,0,24,https://i.scdn.co/image/ab67616d0000b2738de12a274f6e1df6634f57ec
7gwLQ4tZ5UdZ7qNcDyJ8wr,Cold (feat. Future),"Maroon 5, Future",Red Pill Blues (Deluxe),2018,,2023-02-24T01:10:43+00:00,1256,,0,2,https://i.scdn.co/image/ab67616d0000b273fc4852898bc6ed85b3e3f89c
58u07iWTstIQrxiCM2GuuA,Part Of The Game (feat. NLE Choppa & Rileyy Lanez),"50 Cent, NLE Choppa, Rileyy Lanez",Part Of The Game (feat. NLE Choppa & Rileyy Lanez),2020,,2023-02-23T08:08:12+00:00,1257,,0,2,https://i.scdn.co/image/ab67616d0000b273348101f748b1253221b538ae
7qiZfU4dY1lWllzX7mPBI3,Shape of You,Ed Sheeran,÷ (Deluxe),2017,,2023-02-22T20:26:08+00:00,1257,,0,3,https://i.scdn.co/image/ab67616d0000b273ba5db46f4b838ef6027e6f96
3mZr3vfIUmDcSUuB7e6cDa,I Can't Save You (Interlude) [with Future & feat. Don Toliver],"Metro Boomin, Future, Don Toliver",HEROES & VILLAINS (Heroes Version),2022,,2023-02-20T19:43:42+00:00,1259,,0,8,https://i.scdn.co/image/ab67616d0000b273979eaa1f05bdc0dd409f50bc
0TGPxGkQEHQlI4Q7TxKccz,TIC,Uncs,TIC,2023,,2023-02-17T17:41:53+00:00,1263,,0,3,https://i.scdn.co/image/ab67616d0000b273e4d071e5a57cb1f40141b2cf
4dOmeBEPTV1i5KxYkDk7Pb,Adriano,Uncs,Adriano,2023,,2023-01-27T19:55:12+00:00,1283,,0,3,https://i.scdn.co/image/ab67616d0000b273afec2fc4fbe20225e3c21a3b
6iJUSrA6XoX4FNLGPqzHOv,Martin's Sofa,Headie One,Martin's Sofa,2023,,2023-01-25T07:24:02+00:00,1286,,0,19,https://i.scdn.co/image/ab67616d0000b2737cf8fa12bc87605190ff6fd6
1lsBTdE6MGsKeZCD6llNu7,Done for Me (feat. Kehlani),"Charlie Puth, Kehlani",Voicenotes,2018,,2023-01-25T07:23:45+00:00,1286,,1,6,https://i.scdn.co/image/ab67616d0000b273897f73256b9128a9d70eaf66
1IN7pViz23ZsjIH5hV47GO,Welcome To The Party (feat. Skepta) - Remix,"Pop Smoke, Skepta",Welcome To The Party (Remix),2019,,2023-01-25T07:23:42+00:00,1286,,1,3,https://i.scdn.co/image/ab67616d0000b273ec8e79b82f3882cf98d17db0
2pTgfhkctFTK9wyvPeCIzK,Elastic,AJ Tracey,Top Boy (A Selection of Music Inspired by the Series),2019,,2023-01-25T07:23:40+00:00,1286,,0,23,https://i.scdn.co/image/ab67616d0000b27306d32ec41bd05c2afe4d8ec8
2Iq6HhIquO7JKr0KfTNLzU,My Type,Saint Motel,My Type EP,2014,,2023-01-19T23:12:03+00:00,1291,,0,1,https://i.scdn.co/image/ab67616d0000b273500a95f36178e1c86a835077
0M6urYKXizSJgtuipqmctu,Gilded Lily - Sped Up,Cults,Offering,2022,,2023-01-19T18:07:29+00:00,1292,,0,1,https://i.scdn.co/image/ab67616d0000b273d0349cd631791ca446be337a
2dBwB667LHQkLhdYlwLUZK,Summertime Sadness,Lana Del Rey,Born To Die - The Paradise Edition,2012,,2023-01-18T18:57:00+00:00,1293,4.0,0,2,https://i.scdn.co/image/ab67616d0000b273cb76604d9c5963544cf5be64
3r1yWwNnOG03lYh5xauYPu,The Scale,"Flight, BabyTron",The Scale,2022,,2023-01-18T18:31:44+00:00,1293,,0,1,https://i.scdn.co/image/ab67616d0000b2736c9fda66fc50513cbf1e0344
5MvaY2mOwvFaOhSdzwAcXP,Skepta and Jme - Freestyle,Ellie Pearl,Skepta and Jme (Freestyle),2016,,2023-01-11T03:57:24+00:00,1300,,0,1,https://i.scdn.co/image/ab67616d0000b273f778555f6456284a4003ed33
2Hh3ETdQKrmSI3QS0hme7g,Too Many Nights (feat. Don Toliver & with Future),"Metro Boomin, Future, Don Toliver",HEROES & VILLAINS,2022,,2022-12-29T02:45:55+00:00,1313,,0,8,https://i.scdn.co/image/ab67616d0000b273c4fee55d7b51479627c31f89
4WuOWVnAqvEQxgSRrspBgt,Niagara Falls (Foot or 2) [with Travis Scott & 21 Savage],"Metro Boomin, Travis Scott, 21 Savage",HEROES & VILLAINS,2022,,2022-12-22T08:48:24+00:00,1320,,0,8,https://i.scdn.co/image/ab67616d0000b273c4fee55d7b51479627c31f89
0vjeOZ3Ft5jvAi9SBFJm1j,Superhero (Heroes & Villains) [with Future & Chris Brown],"Metro Boomin, Future, Chris Brown",HEROES & VILLAINS,2022,,2022-12-15T23:44:07+00:00,1326,,1,8,https://i.scdn.co/image/ab67616d0000b273c4fee55d7b51479627c31f89
1pacwLXyRO47ka0v6LTIiY,Raindrops (Insane) [with Travis Scott],"Metro Boomin, Travis Scott",HEROES & VILLAINS,2022,,2022-12-15T21:14:43+00:00,1326,,0,8,https://i.scdn.co/image/ab67616d0000b273c4fee55d7b51479627c31f89
2UnSpT6kzFlgL00Ow74XMX,LOVE NASHEED,KOSTYAPETROVA,LOVE NASHEED,2022,,2022-12-12T07:50:54+00:00,1330,,0,4,https://i.scdn.co/image/ab67616d0000b273d2bbb17f552200a4fce67ac0
64vA8KSO1tQJDC7jhV1cML,Bad Blood,"Stormzy, Nao",This Is What I Mean,2022,,2022-12-12T07:47:14+00:00,1330,,0,7,https://i.scdn.co/image/ab67616d0000b273df075bcefe46d7ca94692651
75xAS5ctghhPaL7BJi34hi,Still Got Time (feat. PARTYNEXTDOOR),"ZAYN, PARTYNEXTDOOR",Icarus Falls,2018,,2022-12-12T07:44:09+00:00,1330,,0,28,https://i.scdn.co/image/ab67616d0000b2732898dd297362decb2ae8b6f4
4ppTAJUbNXELZcoUaL90wo,Try Me,The Weeknd,"My Dear Melancholy,",2018,,2022-12-12T07:42:48+00:00,1330,,0,24,https://i.scdn.co/image/ab67616d0000b2731f6a2a40bb692936879db730
5XJWEh8huqG0l9RgRyArtv,Niagara Falls (Foot or 2) [with Travis Scott & 21 Savage],"Metro Boomin, Travis Scott, 21 Savage",HEROES & VILLAINS,2022,,2022-12-03T03:55:51+00:00,1339,,0,8,https://i.scdn.co/image/ab67616d0000b273cdce39ecb633bea9ef7705a6
6p0u1dLtzN6F2N0pPhP2JC,Need You,"Stormzy, tendai, Ayra Starr",This Is What I Mean,2022,,2022-12-02T01:46:33+00:00,1340,,2,7,https://i.scdn.co/image/ab67616d0000b273df075bcefe46d7ca94692651
251PNRmJU9KcUnFQAB5t6I,Kal Ho Naa Ho,"Shankar-Ehsaan-Loy, Sonu Nigam",Kal Ho Naa Ho (Original Motion Picture Soundtrack),2003,,2022-12-01T01:36:58+00:00,1341,,2,2,https://i.scdn.co/image/ab67616d0000b273a2055e0b847ff66fb5206099
53V9TUAixZKpVplvjzuWmN,Eurostep,AJ Tracey,Flu Game,2021,,2022-11-23T04:09:04+00:00,1349,,1,23,https://i.scdn.co/image/ab67616d0000b27350c8c33cf893033039b21453
4Wjhj0WjkyECccfHVIgaTq,Trust Issues,Drake,Care Package,2019,,2022-11-08T17:34:25+00:00,1364,,0,46,https://i.scdn.co/image/ab67616d0000b2739c1e02d4becb7c5bbca01e2a
7AODNxFNPnKaz4hURLzw5l,Ladbroke Grove,AJ Tracey,AJ Tracey,2019,,2022-11-07T07:45:11+00:00,1365,,1,23,https://i.scdn.co/image/ab67616d0000b273c66802be82ab680ce70ba32a
53HqOfi7OfHRXzcWTdGJB3,Little More Love,AJ Tracey,Flu Game,2021,,2022-11-07T07:45:09+00:00,1365,,1,23,https://i.scdn.co/image/ab67616d0000b27350c8c33cf893033039b21453
3QLjDkgLh9AOEHlhQtDuhs,Best I Ever Had,Drake,So Far Gone,2009,,2022-11-07T07:25:09+00:00,1365,,0,46,https://i.scdn.co/image/ab67616d0000b27354ef13c30a024a7f1ba79efd
2lBExcAjBgX7Jb480goU9B,Stars Align (with Drake),"Majid Jordan, Drake",Wildest Dreams,2021,,2022-11-05T19:19:06+00:00,1366,,0,3,https://i.scdn.co/image/ab67616d0000b273e1b88f117895ff1669145c0f
3jjujdWJ72nww5eGnfs2E7,Adore You,Harry Styles,Fine Line,2019,,2022-11-05T00:32:23+00:00,1367,,1,2,https://i.scdn.co/image/ab67616d0000b27325180571abce9472f61bd722
7GeTsDIc5ykNB6lORO6Cee,Circo Loco,"Drake, 21 Savage",Her Loss,2022,,2022-11-04T16:45:18+00:00,1368,,1,46,https://i.scdn.co/image/ab67616d0000b27302854a7060fccc1a66a4b5ad
1bDbXMyjaUIooNwFE9wn0N,Rich Flex,"Drake, 21 Savage",Her Loss,2022,,2022-11-04T06:56:33+00:00,1368,,0,46,https://i.scdn.co/image/ab67616d0000b27302854a7060fccc1a66a4b5ad
5r7WvQtyPfy1xch5zMgGRp,Behind Barz - Bonus,Drake,Top Boy (A Selection of Music Inspired by the Series),2019,,2022-11-04T06:56:00+00:00,1368,,0,46,https://i.scdn.co/image/ab67616d0000b27306d32ec41bd05c2afe4d8ec8
6qvfyXGXEPEYwwqBykWw3H,Professor X,Dave,Top Boy (A Selection of Music Inspired by the Series),2019,,2022-11-04T06:52:14+00:00,1368,,0,25,https://i.scdn.co/image/ab67616d0000b27306d32ec41bd05c2afe4d8ec8
2YuLSGh71kaSX9uzAfBbII,TURN UP,PARTYNEXTDOOR,PARTYMOBILE,2020,,2022-11-04T06:50:16+00:00,1368,,0,3,https://i.scdn.co/image/ab67616d0000b273d8082097058d4c44739b17dd
6RbH4isVKIOg1OY1HvRqFc,LOYAL (feat. Drake and Bad Bunny) - Remix,"PARTYNEXTDOOR, Drake, Bad Bunny",LOYAL (feat. Drake and Bad Bunny) [Remix],2020,,2022-11-04T06:49:37+00:00,1368,,0,3,https://i.scdn.co/image/ab67616d0000b273d591a1338ebe3e0ca58022f5
1PDP7mLiAMwhfmgIwzhOm2,Yebba’s Heartbreak,"Drake, Yebba",Certified Lover Boy,2021,,2022-11-04T06:47:17+00:00,1368,,1,46,https://i.scdn.co/image/ab67616d0000b273cd945b4e3de57edd28481a3f
0Tacxc5lDJ8LwiO1pWNSl8,The Motion,Drake,Care Package,2019,,2022-11-04T06:46:14+00:00,1368,,0,46,https://i.scdn.co/image/ab67616d0000b2739c1e02d4becb7c5bbca01e2a
7hRlTK3mgFTBEjX7DjqBsI,Overdrive,Drake,"Honestly, Nevermind",2022,,2022-11-04T06:40:33+00:00,1368,,0,46,https://i.scdn.co/image/ab67616d0000b2738dc0d801766a5aa6a33cbe37
2KLwPaRDOB87XOYAT2fgxh,Pussy & Millions (feat. Travis Scott),"Drake, 21 Savage, Travis Scott",Her Loss,2022,,2022-11-04T06:33:48+00:00,1368,,0,46,https://i.scdn.co/image/ab67616d0000b27302854a7060fccc1a66a4b5ad
3WRIaWsws011vHMd9uzPjG,First Off (feat. Travis Scott),"Future, Travis Scott",Future Hndrxx Presents: The WIZRD,2019,,2022-11-04T00:22:00+00:00,1368,,1,9,https://i.scdn.co/image/ab67616d0000b2739dfb465e2ff064855a0db924
6rTInqW3YECMkQsBEHw4sd,Solid (feat. Drake),"Young Stoner Life, Young Thug, Gunna, Drake",Slime Language 2,2021,,2022-11-04T00:21:41+00:00,1368,4.0,1,1,https://i.scdn.co/image/ab67616d0000b273f60bfdd72c27eee42bf73d54
36XlwIbhDWpJ0u628hznsi,LO(V/S)ER,AJ Tracey,LO(V/S)ER,2018,,2022-10-30T01:29:29+00:00,1373,,0,23,https://i.scdn.co/image/ab67616d0000b273a829b5a6005c01f7734e344d
0gEV1AR0gd59DzrMJalYcK,Bullet From A Gun,Skepta,Ignorance is Bliss,2019,,2022-10-28T01:04:36+00:00,1375,,0,19,https://i.scdn.co/image/ab67616d0000b27348f2487a18a735f457404eb9
11ozIUBoXAgRTVWelDn4pL,Lights,Ellie Goulding,An Introduction To Ellie Goulding EP,2010,,2022-10-24T16:17:30+00:00,1379,,0,1,https://i.scdn.co/image/ab67616d0000b27391538eb04634de568637b8be
2bsy1j0guuVP0I3xoTRCvn,Skepta and Jme (Freestyle),Grime Classics,Skepta and Jme (Freestyle),2021,,2022-10-23T04:22:47+00:00,1380,,0,1,https://i.scdn.co/image/ab67616d0000b27307fd66e1a704b68caf985cee
1EWSMYUc6tyD5cxjIo2P8Z,Palace (8D Audio),ADTurnUp,Palace (8D Audio),2022,,2022-10-18T17:48:29+00:00,1385,,1,3,https://i.scdn.co/image/ab67616d0000b273ce0aaa010d4532c4f2f342ab
3dSIHREYh7yDmVrB5mX65j,Palace (Sped Up),ADTurnUp,Palace (Sped Up),2022,,2022-10-18T17:47:44+00:00,1385,,0,3,https://i.scdn.co/image/ab67616d0000b2733d7c02d11997a9596412006a
1Q8L5GiqKchiwSkdMDXyP6,Seoul,AJ Tracey,Seoul,2022,,2022-10-18T17:43:44+00:00,1385,,0,23,https://i.scdn.co/image/ab67616d0000b273d68ebaa969137fbf0775a3ee
6wyhUr4Xw8z5uSy0AhoZfU,I'M ON ONE (feat. Drake),"Future, Drake",I NEVER LIKED YOU,2022,,2022-10-16T03:18:05+00:00,1387,7.0,0,9,https://i.scdn.co/image/ab67616d0000b2731692599c8c0f98e470c68106
0LU6Oq9qQmsEBsykpikZbW,Labbayk Allah Hummah Labbayk,El Azhar,"Muslims , El Muslimeen",2019,,2022-10-14T00:52:23+00:00,1389,,0,1,https://i.scdn.co/image/ab67616d0000b273e29fe21fd7e5709aa34ef5c7
4fAEuk5GQypPVeIjdH9H0Z,MADIN KASSAYF NASHEED,KOSTYAPETROVA,MADIN KASSAYF NASHEED,2022,,2022-10-10T22:16:51+00:00,1392,,0,4,https://i.scdn.co/image/ab67616d0000b273945b605762fff8322e5b085a
2L1WI6E2GrmdD5X2WqKMZJ,FATAAT AL KHAIR NASHEED,KOSTYAPETROVA,NASHEED,2022,,2022-10-09T23:54:10+00:00,1393,,0,4,https://i.scdn.co/image/ab67616d0000b2731578fb3faee6cac6afa93a9d
4uwMD6gmDmbwaY2cjqhy7c,Twenty To One,Dave,We're All Alone In This Together,2021,,2022-09-17T18:04:33+00:00,1416,,0,25,https://i.scdn.co/image/ab67616d0000b273da5b9c1eb275d48e14d25f3e
3EzYtOjWoZQ4jHe78hfpQo,Heart Attack,Dave,We're All Alone In This Together,2021,,2022-09-17T18:04:23+00:00,1416,,0,25,https://i.scdn.co/image/ab67616d0000b273da5b9c1eb275d48e14d25f3e
3PZ27gMnYrBmfjkgx8aWu8,TKO,Swarmz,TKO,2022,,2022-09-16T17:15:51+00:00,1417,,0,1,https://i.scdn.co/image/ab67616d0000b273ac350e5cc51b71514b73ad75
2pty3r2awm2Ir904mq5Fxw,Going Through It,Skepta,Ignorance is Bliss,2019,,2022-09-15T05:00:09+00:00,1418,,1,19,https://i.scdn.co/image/ab67616d0000b27348f2487a18a735f457404eb9
63Sb1AMnhb37DR59uXZdQd,Princess Cuts (feat. Young T & Bugsey),"Headie One, Young T & Bugsey",EDNA,2020,,2022-09-15T04:59:51+00:00,1418,,0,19,https://i.scdn.co/image/ab67616d0000b273e26b110b13afa82394613227
17oMGPkdKaXQCJY3apPQYO,Not Over Yet Remix (feat. Headie One & Nines),"KSI, Headie One, Nines",Not Over Yet Remix (feat. Headie One & Nines),2022,,2022-09-15T04:59:34+00:00,1418,,0,4,https://i.scdn.co/image/ab67616d0000b2739883892b12026e9ed5e2e194
2D4dV2KXDTszzJ3p3cFqhA,Less Than Zero,The Weeknd,Dawn FM,2022,,2022-09-11T03:05:49+00:00,1422,,0,24,https://i.scdn.co/image/ab67616d0000b2734ab2520c2c77a1d66b9ee21d
6FvSS3Goz7OC8oCC2eWqe8,Jalebi Baby (Tesher x Jason Derulo),"Tesher, Jason Derulo",Jalebi Baby (Tesher x Jason Derulo),2021,,2022-09-07T01:10:48+00:00,1426,,0,1,https://i.scdn.co/image/ab67616d0000b273a56f3d8136a0690b75b419d8
0ZEFUsb2AVGup8SV3y3yXl,Nirvana,"Skepta, J Balvin",Nirvana,2021,,2022-08-26T16:19:20+00:00,1438,,0,19,https://i.scdn.co/image/ab67616d0000b273629f0ae002c430f0d73c8ff3
3azJifCSqg9fRij2yKIbWz,The Color Violet,Tory Lanez,Alone At Prom,2021,,2022-08-18T04:09:35+00:00,1446,,0,1,https://i.scdn.co/image/ab67616d0000b2730c5f23cbf0b1ab7e37d0dc67
7IMwEtpAiJanqF6vQteZN2,Turks (with Gunna & ft. Travis Scott),"NAV, Gunna, Travis Scott",Good Intentions,2020,,2022-08-10T21:58:53+00:00,1453,,0,2,https://i.scdn.co/image/ab67616d0000b27336f15d38804d5bdd29b9fc7a
3GdWfmQBiiJrDUvSZS1bGv,Never Sleep (with Lil Baby feat. Travis Scott),"NAV, Lil Baby, Travis Scott",Never Sleep,2022,,2022-08-10T21:58:49+00:00,1453,,0,2,https://i.scdn.co/image/ab67616d0000b273d3c60e0b42ec8f32309f9b61
6EDO9iiTtwNv6waLwa1UUq,POPSTAR (feat. Drake),"DJ Khaled, Drake",POPSTAR (feat. Drake),2020,,2022-08-08T22:13:38+00:00,1455,,1,2,https://i.scdn.co/image/ab67616d0000b273efaecb4b9cbae7c120d14617
4LRPiXqCikLlN15c3yImP7,As It Was,Harry Styles,As It Was,2022,,2022-08-07T18:42:25+00:00,1457,,1,2,https://i.scdn.co/image/ab67616d0000b273b46f74097655d7f353caab14
3t2Hx5FPih5lKaxJFd6bRE,Not Over Yet (feat. Tom Grennan),"KSI, Tom Grennan",Not Over Yet (feat. Tom Grennan),2022,,2022-08-06T00:33:36+00:00,1458,,0,4,https://i.scdn.co/image/ab67616d0000b273e4ce575ef4e19d597bffa2ea
3SLu421u9hMKwcFNxGFrGk,Cabo,Bankrol Hayden,Cabo,2021,,2022-08-03T23:38:11+00:00,1460,,0,1,https://i.scdn.co/image/ab67616d0000b273ca80bf0e94dcb1f2ae874f41
4WEI0RJPo4YHfmHYfKvS9k,Wifey Riddim 3,AJ Tracey,AJ Tracey,2019,,2022-07-30T01:04:19+00:00,1465,,0,23,https://i.scdn.co/image/ab67616d0000b273c66802be82ab680ce70ba32a
2w4VBw2W3VQI6nk8CwkL3k,Psych Out!,AJ Tracey,AJ Tracey,2019,,2022-07-30T01:04:13+00:00,1465,,0,23,https://i.scdn.co/image/ab67616d0000b273c66802be82ab680ce70ba32a
1KjQPDJQCUuqDj3AmfSBCa,CAPO,NLE Choppa,CAPO,2019,,2022-07-30T01:03:46+00:00,1465,,0,1,https://i.scdn.co/image/ab67616d0000b273bbe85c97294a5d543fcbf770
13w7sJT2Xu6AN4gGj4wGv3,Man,Skepta,Konnichiwa,2016,,2022-07-30T01:03:35+00:00,1465,,0,19,https://i.scdn.co/image/ab67616d0000b273969de80dfcad2d496da82410
26DdCbuwHRX1BgWeHQIn1C,It Ain't Safe,"Skepta, Young Lord",Konnichiwa,2016,,2022-07-30T01:03:31+00:00,1465,,0,19,https://i.scdn.co/image/ab67616d0000b273969de80dfcad2d496da82410
0xYdpS6BBgOiSVsl7TsDXY,"Lane Switcha (feat. A$AP Rocky, Juicy J & Project Pat)","Skepta, Pop Smoke, A$AP Rocky, Juicy J, Project Pat",F9: The Fast Saga (Original Motion Picture Soundtrack),2021,,2022-07-30T01:03:17+00:00,1465,,0,19,https://i.scdn.co/image/ab67616d0000b273c8d8a01cbefd83522087702a
4bdEXTweGw1O4IEMbnn5Tv,Ghost Ride,"Skepta, A$AP NAST, A$AP Rocky",Vicious EP,2017,,2022-07-30T01:03:06+00:00,1465,,0,19,https://i.scdn.co/image/ab67616d0000b273ca1de25b82cf2e1d0771c0c2
5EoYSiXiv2QKCjnJct6wEA,Bustdown Rollie Avalanche,"Kai Cenat, NLE Choppa",Bustdown Rollie Avalanche,2022,,2022-07-30T01:02:27+00:00,1465,,0,1,https://i.scdn.co/image/ab67616d0000b2737272f755ca52297148c970e6
0VgkVdmE4gld66l8iyGjgx,Mask Off,Future,FUTURE,2017,,2022-07-30T01:01:53+00:00,1465,,0,9,https://i.scdn.co/image/ab67616d0000b273e0b64c8be3c4e804abcb2696
3UhmuWcFaLS3AO3kI9ynQ2,Insane,"AP Dhillon, Shinda Kahlon, Gurinder Gill, Gminxr",Insane,2021,,2022-07-28T21:55:56+00:00,1466,,1,1,https://i.scdn.co/image/ab67616d0000b273f26219080879cd317b98ece8
6dtWKqqdveI3YvdYJQKWWn,iT's YoU,ZAYN,Mind Of Mine (Deluxe Edition),2016,,2022-07-28T21:42:57+00:00,1466,,0,28,https://i.scdn.co/image/ab67616d0000b273b4c42ba7470503094d5a1c5a
7ofgPlilLgcw6G7fd2zNpT,BeFoUr,ZAYN,Mind Of Mine (Deluxe Edition),2016,,2022-07-28T21:42:55+00:00,1466,,0,28,https://i.scdn.co/image/ab67616d0000b273b4c42ba7470503094d5a1c5a
6LWS6iYUZKYHNl2VwNytpo,rEaR vIeW,ZAYN,Mind Of Mine (Deluxe Edition),2016,,2022-07-28T21:42:51+00:00,1466,,0,28,https://i.scdn.co/image/ab67616d0000b273b4c42ba7470503094d5a1c5a
59ClUavkkfRhryajZBn2Lf,Johnny P's Caddy,"Benny The Butcher, J. Cole",Tana Talk 4,2022,,2022-07-28T18:57:35+00:00,1467,,1,1,https://i.scdn.co/image/ab67616d0000b2736f7e02a599bf17973444fdee
7wsvMbz8CildIHJcEJThTu,Rina,AJ Tracey,AJ Tracey,2019,,2022-07-28T18:56:18+00:00,1467,,1,23,https://i.scdn.co/image/ab67616d0000b273c66802be82ab680ce70ba32a
0DvTfAgZvGkIOiKYSmHpIo,LO(V/S)ER,AJ Tracey,LO(V/S)ER,2018,,2022-07-28T18:54:38+00:00,1467,,1,23,https://i.scdn.co/image/ab67616d0000b27344230dfdb6617e8e64638653
3F5CgOj3wFlRv51JsHbxhe,Jimmy Cooks (feat. 21 Savage),"Drake, 21 Savage","Honestly, Nevermind",2022,,2022-07-12T02:58:18+00:00,1483,,0,46,https://i.scdn.co/image/ab67616d0000b2738dc0d801766a5aa6a33cbe37
57BGVV6wcyhbn3hsjlqEZB,Element,Pop Smoke,Meet The Woo 2,2020,,2022-07-12T02:58:13+00:00,1483,,1,3,https://i.scdn.co/image/ab67616d0000b27362a57823eced1cb4fd93b2c1
4rmVZajAF7PkrCagGPHbqa,Sticky,Drake,"Honestly, Nevermind",2022,,2022-06-25T15:41:24+00:00,1500,2.0,1,46,https://i.scdn.co/image/ab67616d0000b2738dc0d801766a5aa6a33cbe37
0nAZGkBGKQCXyaoSJfRhC1,A Keeper,Drake,"Honestly, Nevermind",2022,,2022-06-17T04:47:26+00:00,1508,,0,46,https://i.scdn.co/image/ab67616d0000b2738dc0d801766a5aa6a33cbe37
59nOXPmaKlBfGMDeOVGrIK,WAIT FOR U (feat. Drake & Tems),"Future, Drake, Tems",I NEVER LIKED YOU,2022,,2022-05-29T22:42:20+00:00,1526,,1,9,https://i.scdn.co/image/ab67616d0000b2731692599c8c0f98e470c68106
4wVOKKEHUJxHCFFNUWDn0B,Chicago Freestyle (feat. Giveon),"Drake, GIVĒON",Dark Lane Demo Tapes,2020,,2022-05-29T22:41:40+00:00,1526,,0,46,https://i.scdn.co/image/ab67616d0000b273bba7cfaf7c59ff0898acba1f
0B0Y6slHV9SzSXNOareNTS,Bellator,Skepta,All In,2021,,2022-05-29T22:41:21+00:00,1526,,1,19,https://i.scdn.co/image/ab67616d0000b27343cad2449ee0004ecd189af4
6SEgCr1wYzFIKbAEBHcxHD,Nirvana,"Skepta, J Balvin",All In,2021,,2022-05-27T16:14:17+00:00,1529,,1,19,https://i.scdn.co/image/ab67616d0000b27343cad2449ee0004ecd189af4
1zWMf9bVyhY5W3ZORbjNWt,LIKE I WOULD,ZAYN,Mind Of Mine (Deluxe Edition),2016,,2022-05-24T15:43:44+00:00,1532,,0,28,https://i.scdn.co/image/ab67616d0000b273b4c42ba7470503094d5a1c5a
30C5UwwG9kpZw42shyfU7K,Lit Like This,Skepta,All In,2021,,2022-05-21T21:47:52+00:00,1534,,1,19,https://i.scdn.co/image/ab67616d0000b27343cad2449ee0004ecd189af4
44GokgCa37BTZP2NU2zkoJ,Shutdown,Skepta,Konnichiwa,2016,,2022-05-20T06:09:16+00:00,1536,,1,19,https://i.scdn.co/image/ab67616d0000b273969de80dfcad2d496da82410
22agj1ppHejR41cUyf7k6v,We're All Alone,Dave,We're All Alone In This Together,2021,,2022-05-16T15:09:39+00:00,1540,,1,25,https://i.scdn.co/image/ab67616d0000b273da5b9c1eb275d48e14d25f3e
7F9cT6hIRhnFCYP6GKS0tf,IMY2 (with Kid Cudi),"Drake, Kid Cudi",Certified Lover Boy,2021,,2022-05-16T15:06:00+00:00,1540,,1,46,https://i.scdn.co/image/ab67616d0000b273cd945b4e3de57edd28481a3f
5W8jRrZ6tWrTrqnKRtIQBf,p r i d e . i s . t h e . d e v i l (with Lil Baby),"J. Cole, Lil Baby",The Off-Season,2021,,2022-05-16T01:46:24+00:00,1540,,1,2,https://i.scdn.co/image/ab67616d0000b27310e6745bb2f179dd3616b85f
17yRlMLWjrw82aWpJItT9A,Eyes on Me,Skepta,All In,2021,,2022-05-13T15:26:34+00:00,1543,,1,19,https://i.scdn.co/image/ab67616d0000b27343cad2449ee0004ecd189af4
1rGcL6S3zlLjOvyKMsABMV,Peace of Mind,"Skepta, Teezee, Kid Cudi",All In,2021,,2022-05-13T15:26:12+00:00,1543,,1,19,https://i.scdn.co/image/ab67616d0000b27343cad2449ee0004ecd189af4
3tYTyAt1q6BFBiGyYVOLhi,Silent Hill,"Kendrick Lamar, Kodak Black",Mr. Morale & The Big Steppers,2022,,2022-05-13T04:46:32+00:00,1543,,0,5,https://i.scdn.co/image/ab67616d0000b273f30764d5fa1e439ad6a7742f
4xIhSUJantE6BMl3u8dtCJ,Father Time (feat. Sampha),"Kendrick Lamar, Sampha",Mr. Morale & The Big Steppers,2022,,2022-05-13T04:28:51+00:00,1543,,0,5,https://i.scdn.co/image/ab67616d0000b273f30764d5fa1e439ad6a7742f
2IwbW2jd0Ncv99Aroe77Ru,Crown,Kendrick Lamar,Mr. Morale & The Big Steppers,2022,,2022-05-13T04:17:47+00:00,1543,,0,5,https://i.scdn.co/image/ab67616d0000b273f30764d5fa1e439ad6a7742f
3QFInJAm9eyaho5vBzxInN,family ties (with Kendrick Lamar),"Baby Keem, Kendrick Lamar",The Melodic Blue,2021,,2022-05-09T21:20:25+00:00,1546,,0,1,https://i.scdn.co/image/ab67616d0000b27335a8a0c8b82b525679eceda6
7KXjTSCq5nL1LoYtL7XAwS,HUMBLE.,Kendrick Lamar,DAMN.,2017,,2022-05-09T21:16:49+00:00,1546,,0,5,https://i.scdn.co/image/ab67616d0000b2738b52c6b9bc4e43d873869699
3GCdLUSnKSMJhs4Tj6CV3s,"All The Stars (with SZA) - From ""Black Panther: The Album""","Kendrick Lamar, SZA",Black Panther The Album Music From And Inspired By,2018,,2022-05-09T21:04:40+00:00,1546,,0,5,https://i.scdn.co/image/ab67616d0000b273c027ad28821777b00dcaa888
2ZrHbO88rM6Ijeg0aJmSzl,Patient,Charlie Puth,Voicenotes,2018,,2022-05-04T03:23:14+00:00,1552,,0,6,https://i.scdn.co/image/ab67616d0000b273897f73256b9128a9d70eaf66
531KGXtBroSrOX9LVmiIgc,Starlight,Dave,Starlight,2022,,2022-03-28T19:24:45+00:00,1588,,1,25,https://i.scdn.co/image/ab67616d0000b27320ce6b27651688ee8969cb2e
2K87XMYnUMqLcX3zvtAF4G,Drag Me Down,One Direction,Made In The A.M. (Deluxe Edition),2015,,2022-02-23T20:56:11+00:00,1621,,1,1,https://i.scdn.co/image/ab67616d0000b2734a075ca70ae4143a37eb4fbe
17vGPZ5EsdvtgAOCD4FLWI,AP - Music from the film Boogie,Pop Smoke,AP (Music from the film Boogie),2021,,2022-02-01T18:35:54+00:00,1644,,1,3,https://i.scdn.co/image/ab67616d0000b273910d332c82ea0e868127f9a0
6bL1Rqcx1RXG6VsMmrYN8F,When Love's Around (feat. Syd),"ZAYN, Syd",Nobody Is Listening,2021,,2022-02-01T16:20:54+00:00,1644,,1,28,https://i.scdn.co/image/ab67616d0000b2739f97ad977094c894acb9aa01
1BSMpVGWs3v5BZKnAQziAc,Light Switch,Charlie Puth,Light Switch,2022,,2022-01-28T17:21:36+00:00,1648,,0,6,https://i.scdn.co/image/ab67616d0000b27375d950842ab17159f0bb9479
0FWAIRd9Uz5uNek7cALYNC,Psycho,Dave,PSYCHODRAMA,2019,,2022-01-25T20:18:53+00:00,1650,,1,25,https://i.scdn.co/image/ab67616d0000b273c1c8d2889455db6d03d309ed
59PUOc7B0WCNNx8Nr4qaA4,Streatham,Dave,PSYCHODRAMA,2019,,2022-01-25T20:18:53+00:00,1650,,1,25,https://i.scdn.co/image/ab67616d0000b273c1c8d2889455db6d03d309ed
0J43IKwcofdlTQPjcbHxCM,Black,Dave,PSYCHODRAMA,2019,,2022-01-25T20:18:53+00:00,1650,,0,25,https://i.scdn.co/image/ab67616d0000b273c1c8d2889455db6d03d309ed
2HUW8dnie8O8JkDzbo7Ivs,Purple Heart,Dave,PSYCHODRAMA,2019,,2022-01-25T20:18:53+00:00,1650,,0,25,https://i.scdn.co/image/ab67616d0000b273c1c8d2889455db6d03d309ed
3z4CGd63tpUn9a6oQSG0CI,Location (feat. Burna Boy),"Dave, Burna Boy",PSYCHODRAMA,2019,,2022-01-25T20:18:53+00:00,1650,,1,25,https://i.scdn.co/image/ab67616d0000b273c1c8d2889455db6d03d309ed
65TggCitjPK0sUXtwgOkN9,Screwface Capital,Dave,PSYCHODRAMA,2019,,2022-01-25T20:18:53+00:00,1650,,1,25,https://i.scdn.co/image/ab67616d0000b273c1c8d2889455db6d03d309ed
7l1P6WtVtq1zQMq6qazNA4,Environment,Dave,PSYCHODRAMA,2019,,2022-01-25T20:18:53+00:00,1650,,1,25,https://i.scdn.co/image/ab67616d0000b273c1c8d2889455db6d03d309ed
4TIqzdAssasqx3DAe6cG9J,Ramen & OJ,"Joyner Lucas, Lil Baby",Ramen & OJ,2021,,2022-01-18T23:47:50+00:00,1657,,2,1,https://i.scdn.co/image/ab67616d0000b2734fd8e64469ff9dd01faf50fe
1LLIkqUK19oJXHozT5PJ3B,BLUE,ZAYN,Mind Of Mine (Deluxe Edition),2016,,2022-01-15T01:00:35+00:00,1661,,0,28,https://i.scdn.co/image/ab67616d0000b273b4c42ba7470503094d5a1c5a
1AI7UPw3fgwAFkvAlZWhE0,Take Me Back to London (feat. Stormzy),"Ed Sheeran, Stormzy",No.6 Collaborations Project,2019,,2022-01-14T22:19:34+00:00,1661,,0,3,https://i.scdn.co/image/ab67616d0000b273f528fc2d5d8b26e4e3413715
3MpdgSxThlICp5LSsZejGf,BoRdErSz,ZAYN,Mind Of Mine (Deluxe Edition),2016,,2022-01-13T18:48:32+00:00,1663,,0,28,https://i.scdn.co/image/ab67616d0000b273b4c42ba7470503094d5a1c5a
5wfyoR8XOkw45QRtFOoxyi,Professor X,Dave,Professor X,2019,,2021-12-30T21:46:51+00:00,1676,,1,25,https://i.scdn.co/image/ab67616d0000b273390f440a8eba0a7054cfd350
08XWh5c0BMyD1nKVxxl91z,Fountains (with Tems),"Drake, Tems",Certified Lover Boy,2021,,2021-12-28T03:14:54+00:00,1679,,0,46,https://i.scdn.co/image/ab67616d0000b273cd945b4e3de57edd28481a3f
5CE7WiZgFManw6b31TrdMz,BoRdErSz,ZAYN,Mind Of Mine (Deluxe Edition),2016,,2021-12-16T06:16:00+00:00,1691,,0,28,https://i.scdn.co/image/ab67616d0000b2733ff5526d0285874b67ded0d4
2QjOHCTQ1Jl3zawyYOpxh6,Sweater Weather,The Neighbourhood,I Love You.,2013,,2021-12-06T21:14:59+00:00,1700,,1,1,https://i.scdn.co/image/ab67616d0000b2738265a736a1eb838ad5a0b921
3f9RZbFJrmttvXYwiwqDlb,Patek,"Future, Lil Uzi Vert",Pluto x Baby Pluto (Deluxe),2020,,2021-12-06T21:08:30+00:00,1700,,0,9,https://i.scdn.co/image/ab67616d0000b273d78a9573e04175b6ffe114dd
5gOtq0sKU24ZF8hnXlSp1V,System (feat. WizKid),"Dave, Wizkid",We're All Alone In This Together,2021,,2021-12-03T16:32:05+00:00,1704,,0,25,https://i.scdn.co/image/ab67616d0000b273da5b9c1eb275d48e14d25f3e
0HNKMJ2EKCaT2EqcCBj1EH,Way Bigger,Don Toliver,Life of a DON,2021,,2021-11-28T01:06:16+00:00,1709,,1,8,https://i.scdn.co/image/ab67616d0000b27372951fef63d89bee5e8224c7
2qRN7PWiHRLprw4FpDeI9N,Nothing On You (feat. Paulo Londra & Dave),"Ed Sheeran, Paulo Londra, Dave",No.6 Collaborations Project,2019,,2021-11-24T00:33:14+00:00,1713,,0,3,https://i.scdn.co/image/ab67616d0000b273f528fc2d5d8b26e4e3413715
29Z5qdYEYNFxly8n6Dt7kp,Money Twërk,Yeat,4L,2021,,2021-11-21T22:21:46+00:00,1715,,0,1,https://i.scdn.co/image/ab67616d0000b27387b1f578fa40d6ac504b57d7
0SxjNrhMwarsbcgEy0pavJ,Both,Headie One,Music x Road,2019,,2021-11-18T16:11:23+00:00,1719,,1,19,https://i.scdn.co/image/ab67616d0000b27388a07cd6eea28c5e293f61cf
4R67rQNSbbsR4TdUVOIdez,ESCAPE PLAN,Travis Scott,ESCAPE PLAN / MAFIA,2021,,2021-11-09T16:40:57+00:00,1728,,1,9,https://i.scdn.co/image/ab67616d0000b273032c66bf1cb2bb1a9558c5db
7IPKXYU2rTMnrLW5IZ7ZI5,Verdansk,Dave,We're All Alone In This Together,2021,,2021-10-31T02:13:08+00:00,1737,,1,25,https://i.scdn.co/image/ab67616d0000b273da5b9c1eb275d48e14d25f3e
6Xml14gPg5eBaYV3P05huB,Stand Still,ZAYN,Icarus Falls,2018,,2021-10-30T23:57:26+00:00,1737,,0,28,https://i.scdn.co/image/ab67616d0000b2732898dd297362decb2ae8b6f4
5mCPDVBb16L4XQwDdbRUpz,Passionfruit,Drake,More Life,2017,,2021-10-26T21:23:06+00:00,1741,,0,46,https://i.scdn.co/image/ab67616d0000b2734f0fd9dad63977146e685700
25tXNghelZKdGZZVoSL9Yg,Law Of Attraction (feat. Snoh Aalegra),"Dave, Snoh Aalegra",We're All Alone In This Together,2021,,2021-10-19T22:25:01+00:00,1748,,0,25,https://i.scdn.co/image/ab67616d0000b273da5b9c1eb275d48e14d25f3e
6Ylhyp6ZL9SY7EdaRZ0k9o,Only You Freestyle,"Headie One, Drake",EDNA,2020,,2021-10-19T19:08:19+00:00,1748,,1,19,https://i.scdn.co/image/ab67616d0000b273e26b110b13afa82394613227
2cmzCRPWh7mBcMnzjwbtF9,Verdansk - Survival Mode,Dave,Verdansk (Survival Mode),2021,,2021-10-15T17:34:22+00:00,1753,,1,25,https://i.scdn.co/image/ab67616d0000b2739b4ebccec482d75b010ff9a3
6OGsUPdeKbO1I7E1AnW8RF,Back Up (feat. Wiz Khalifa),"Don Toliver, Wiz Khalifa",Back Up (feat. Wiz Khalifa),2019,,2021-10-08T15:10:14+00:00,1760,,0,8,https://i.scdn.co/image/ab67616d0000b273f69bcb5707deb5196e401e16
25r6MZ4Gtd76l43qnZI1DG,Flocky Flocky (feat. Travis Scott),"Don Toliver, Travis Scott",Life of a DON,2021,,2021-10-08T15:07:09+00:00,1760,4.0,0,8,https://i.scdn.co/image/ab67616d0000b27372951fef63d89bee5e8224c7
6Oq4fiDzKaFMU89dTvM24u,Audacity (feat. Headie One),"Stormzy, Headie One",Heavy Is The Head,2019,,2021-10-06T22:17:58+00:00,1761,,1,7,https://i.scdn.co/image/ab67616d0000b27303bf634fe9526dfcc79f8526
5tAwQ2wGF88d8zuliokaxo,Erfaa Rasak,Mohammad Assaf,Muntasib Alqamah Amshi,2015,,2021-10-06T21:12:21+00:00,1761,,0,2,https://i.scdn.co/image/ab67616d0000b273ac30149cda9889b2784f4f9b
1AGDdWPJ3wE7xjNhsdMCR7,Ana Aw La Ahad,Wadih El Cheikh,Ana Aw La Ahad,2021,,2021-10-06T21:12:00+00:00,1761,,0,1,https://i.scdn.co/image/ab67616d0000b273164ef959378e4e0f8e8ee428
5Pn31ZVgrp95UDTEYcKR6K,Dammi Falastini,Mohammad Assaf,Muntasib Alqamah Amshi,2015,,2021-10-06T21:11:10+00:00,1761,,0,2,https://i.scdn.co/image/ab67616d0000b273ac30149cda9889b2784f4f9b
4QPEwDdOMhY7rNS05mTyMR,Own It (feat. Ed Sheeran & Burna Boy),"Stormzy, Burna Boy, Ed Sheeran",Heavy Is The Head,2019,,2021-10-05T22:28:17+00:00,1762,,0,7,https://i.scdn.co/image/ab67616d0000b27303bf634fe9526dfcc79f8526
4g6zpIxbj9jb8ewGrV1kCE,The Moment,KSI,All Over The Place (Platinum VIP Edition),2021,,2021-10-05T17:37:53+00:00,1763,,0,4,https://i.scdn.co/image/ab67616d0000b273a931e451af18a162c5fb59b8
7b4ky1LlQLFhXHmhZkFgqV,Ladbroke Grove,AJ Tracey,AJ Tracey,2019,,2021-10-05T02:48:27+00:00,1763,,0,23,https://i.scdn.co/image/ab67616d0000b273a61a61a007b55afc7d783fe9
3mtaSob1BQO4HMSA8lWKRt,In The Fire,Dave,We're All Alone In This Together,2021,,2021-10-01T14:43:41+00:00,1767,,1,25,https://i.scdn.co/image/ab67616d0000b273da5b9c1eb275d48e14d25f3e
7o8YNkjpf1sU39ycSz7LPR,If I Got You,ZAYN,Icarus Falls,2018,,2021-09-27T22:45:10+00:00,1770,,0,28,https://i.scdn.co/image/ab67616d0000b2732898dd297362decb2ae8b6f4
1YHjRAptXqPdsdx3g6FNJL,Nice To Meet Ya (feat. Yxng Bane),"Wes Nelson, Yxng Bane",Nice To Meet Ya (feat. Yxng Bane),2021,,2021-09-27T22:24:29+00:00,1770,,1,1,https://i.scdn.co/image/ab67616d0000b2735fc5b7906062fad8268f33c4
2zxEc1GCSCxbHIXTfhraRC,Clash (feat. Stormzy),"Dave, Stormzy",We're All Alone In This Together,2021,,2021-09-26T01:35:59+00:00,1772,,1,25,https://i.scdn.co/image/ab67616d0000b273da5b9c1eb275d48e14d25f3e
0VjIjW4GlUZAMYd2vXMi3b,Blinding Lights,The Weeknd,After Hours,2020,,2021-09-22T21:18:17+00:00,1775,,1,24,https://i.scdn.co/image/ab67616d0000b2738863bc11d2aa12b54f5aeb36
2oUwMN5VfdGX10XeQJLBBi,Clash (feat. Stormzy),"Dave, Stormzy",Clash (feat. Stormzy),2021,,2021-09-15T22:34:55+00:00,1782,,0,25,https://i.scdn.co/image/ab67616d0000b273c9d4463f02ee31ed1e96413a
11pEKMLmavDu8fxOB5QjbQ,Pipe Down,Drake,Certified Lover Boy,2021,,2021-09-09T04:43:16+00:00,1789,,0,46,https://i.scdn.co/image/ab67616d0000b273cd945b4e3de57edd28481a3f
34D6FJysnQioVingDKufuf,N 2 Deep,"Drake, Future",Certified Lover Boy,2021,,2021-09-07T03:32:21+00:00,1791,,0,46,https://i.scdn.co/image/ab67616d0000b273cd945b4e3de57edd28481a3f
3WgEwAp8HIMNCqkA3gpRqb,Rain,"Aitch, AJ Tracey, Tay Keith",Polaris,2020,,2021-09-06T06:36:37+00:00,1792,,0,4,https://i.scdn.co/image/ab67616d0000b273ccf41a746f060a64bd96412a
2smpiAZfaN0GFi15MqAq6E,Stay Awake,Dean Lewis,A Place We Knew,2019,,2021-09-06T06:29:56+00:00,1792,,0,1,https://i.scdn.co/image/ab67616d0000b273a787f718fb485b66d6219247
2tUL6dZf1mywCj5WvCPZw6,No Friends In The Industry,Drake,Certified Lover Boy,2021,,2021-09-05T03:47:01+00:00,1793,,1,46,https://i.scdn.co/image/ab67616d0000b273cd945b4e3de57edd28481a3f
2bkNIMseHRfLidQqpXGsBx,Too Much (feat. Timbaland),"ZAYN, Timbaland",Icarus Falls,2018,,2021-09-05T00:19:44+00:00,1793,,0,28,https://i.scdn.co/image/ab67616d0000b2732898dd297362decb2ae8b6f4
40iJIUlhi6renaREYGeIDS,Fair Trade (with Travis Scott),"Drake, Travis Scott",Certified Lover Boy,2021,,2021-09-03T17:00:15+00:00,1795,,2,46,https://i.scdn.co/image/ab67616d0000b273cd945b4e3de57edd28481a3f
2BcMwX1MPV6ZHP4tUT9uq6,Knife Talk (with 21 Savage ft. Project Pat),"Drake, 21 Savage, Project Pat",Certified Lover Boy,2021,,2021-09-03T16:57:01+00:00,1795,,0,46,https://i.scdn.co/image/ab67616d0000b273cd945b4e3de57edd28481a3f
42m3eP1JJhtzffal9B136J,7am On Bridle Path,Drake,Certified Lover Boy,2021,,2021-09-03T15:27:00+00:00,1795,,0,46,https://i.scdn.co/image/ab67616d0000b273cd945b4e3de57edd28481a3f
50ceCGZ3oD3U5caQV5bP6f,You Only Live Twice (with Lil Wayne & Rick Ross),"Drake, Lil Wayne, Rick Ross",Certified Lover Boy,2021,,2021-09-03T14:15:04+00:00,1795,,1,46,https://i.scdn.co/image/ab67616d0000b273cd945b4e3de57edd28481a3f
3VlW71ZRJPEjd17W0bW28D,Donda Chant,Kanye West,Donda,2021,,2021-09-02T16:07:39+00:00,1796,,0,2,https://i.scdn.co/image/ab67616d0000b2736ba1cffc9b2c5469503430b3
6bEkhuGB7xAgOZTHVkZ1Ly,Too Much (feat. Timbaland),"ZAYN, Timbaland",Icarus Falls,2018,,2021-08-27T15:52:42+00:00,1802,,0,28,https://i.scdn.co/image/ab67616d0000b273d7600d940820a87b997efb64
74clf1HmwcMA4bSV9sBG4S,River Road,ZAYN,Nobody Is Listening,2021,,2021-08-27T15:01:21+00:00,1802,,0,28,https://i.scdn.co/image/ab67616d0000b2739f97ad977094c894acb9aa01
0AyXOhs2iZAS3sOJbi1Kvq,Windowsill (feat. Devlin),"ZAYN, Devlin",Nobody Is Listening,2021,,2021-08-27T15:01:16+00:00,1802,,0,28,https://i.scdn.co/image/ab67616d0000b2739f97ad977094c894acb9aa01
1kXHqvq1R8dkx1Mm52nH9g,"Be the One (feat. MORGAN, Digga & TIKE)","Rudimental, MORGAN, Digga, TIKE","Be the One (feat. MORGAN, Digga & TIKE)",2020,,2021-08-19T01:32:33+00:00,1810,,0,1,https://i.scdn.co/image/ab67616d0000b27369d7efd613831acd94c1a086
5cF0dROlMOK5uNZtivgu50,Attention,Charlie Puth,Voicenotes,2018,,2021-08-18T21:41:00+00:00,1810,,2,6,https://i.scdn.co/image/ab67616d0000b273897f73256b9128a9d70eaf66
7nVERWQXlgZRQsYw4fHf3b,Lose,"KSI, Lil Wayne",Lose,2021,,2021-08-07T00:39:44+00:00,1822,,0,4,https://i.scdn.co/image/ab67616d0000b273d9a5dfd24ef123b18c086aa6
0tO4X3FZeckjj7rRgBcjoK,Cheerleaders,AJ Tracey,Flu Game,2021,,2021-08-01T20:35:34+00:00,1827,,1,23,https://i.scdn.co/image/ab67616d0000b27350c8c33cf893033039b21453
584UC3Qpm8SbYd7aRWKREu,Buss Down (feat. ZieZie),"Aitch, ZieZie",AitcH2O,2019,,2021-07-28T04:55:01+00:00,1832,,0,4,https://i.scdn.co/image/ab67616d0000b27381225a59e7637e4fd6eba839
3707IBa4HnS3zDDoWfeUBl,I Warned Myself,Charlie Puth,I Warned Myself,2019,,2021-07-23T18:20:08+00:00,1837,,0,6,https://i.scdn.co/image/ab67616d0000b27377c58b324f53c2af68723392
0DiidTJxEe6YaJG2H9fnZ8,Draft Pick,AJ Tracey,Flu Game,2021,,2021-07-22T21:44:07+00:00,1837,,1,23,https://i.scdn.co/image/ab67616d0000b27350c8c33cf893033039b21453
0geFTYLpA8RJC6C8tftDiS,Bringing It Back (with Digga D),"AJ Tracey, Digga",Flu Game,2021,,2021-07-17T01:12:14+00:00,1843,,0,23,https://i.scdn.co/image/ab67616d0000b27350c8c33cf893033039b21453
78KyOmqWmqLkQcXO1cA7MO,Fashion Week (feat. AJ Tracey & MoStack),"Steel Banglez, AJ Tracey, MoStack",Fashion Week (feat. AJ Tracey & MoStack),2019,,2021-07-10T02:52:04+00:00,1850,,0,1,https://i.scdn.co/image/ab67616d0000b273e64d6a5253656d32d0874859
0KcEMREqmRmjJQoDSNUWnT,Ya Nabi Salam Alayka,Maher Zain,Thank You Allah,2009,,2021-06-27T07:23:19+00:00,1863,,0,2,https://i.scdn.co/image/ab67616d0000b273f3f4760225d90ff46dffb17d
6DK23fzeG32GDllJRfnDuz,Anxious,AJ Tracey,Flu Game,2021,,2021-06-05T22:27:06+00:00,1884,,1,23,https://i.scdn.co/image/ab67616d0000b27350c8c33cf893033039b21453
4y1pHOpS1nm80j4svUWbXP,All That,ZAYN,Icarus Falls,2018,,2021-06-04T18:06:06+00:00,1886,,0,28,https://i.scdn.co/image/ab67616d0000b2732898dd297362decb2ae8b6f4
29G6ZIbACs5om1EEe9Hyon,Back To Life,ZAYN,Icarus Falls,2018,,2021-05-26T19:14:27+00:00,1894,,1,28,https://i.scdn.co/image/ab67616d0000b2732898dd297362decb2ae8b6f4
188Y8ny5w1GArwFjXE2arA,Kukoč (feat. NAV),"AJ Tracey, NAV",Flu Game,2021,,2021-05-06T15:32:25+00:00,1915,,1,23,https://i.scdn.co/image/ab67616d0000b27350c8c33cf893033039b21453
